State,District,Subject,LO_Code,Description,Score
Andhra Pradesh,Alluri Sitharama Raju,Language,C-10.5,"C-10.5 Reads short stories and comprehends their meaning - by identifying characters, storyline and what the author wants to say - on their own",55
Andhra Pradesh,Anakapalli,Language,C-10.5,"C-10.5 Reads short stories and comprehends their meaning - by identifying characters, storyline and what the author wants to say - on their own",64
Andhra Pradesh,Anantapur,Language,C-10.5,"C-10.5 Reads short stories and comprehends their meaning - by identifying characters, storyline and what the author wants to say - on their own",47
Andhra Pradesh,Annamayya,Language,C-10.5,"C-10.5 Reads short stories and comprehends their meaning - by identifying characters, storyline and what the author wants to say - on their own",60
Andhra Pradesh,Bapatla,Language,C-10.5,"C-10.5 Reads short stories and comprehends their meaning - by identifying characters, storyline and what the author wants to say - on their own",62
Andhra Pradesh,Chittoor,Language,C-10.5,"C-10.5 Reads short stories and comprehends their meaning - by identifying characters, storyline and what the author wants to say - on their own",62
Andhra Pradesh,East Godavari,Language,C-10.5,"C-10.5 Reads short stories and comprehends their meaning - by identifying characters, storyline and what the author wants to say - on their own",57
Andhra Pradesh,Eluru,Language,C-10.5,"C-10.5 Reads short stories and comprehends their meaning - by identifying characters, storyline and what the author wants to say - on their own",61
Andhra Pradesh,Guntur,Language,C-10.5,"C-10.5 Reads short stories and comprehends their meaning - by identifying characters, storyline and what the author wants to say - on their own",62
Andhra Pradesh,Kakinada,Language,C-10.5,"C-10.5 Reads short stories and comprehends their meaning - by identifying characters, storyline and what the author wants to say - on their own",52
Andhra Pradesh,Konaseema,Language,C-10.5,"C-10.5 Reads short stories and comprehends their meaning - by identifying characters, storyline and what the author wants to say - on their own",62
Andhra Pradesh,Krishna,Language,C-10.5,"C-10.5 Reads short stories and comprehends their meaning - by identifying characters, storyline and what the author wants to say - on their own",69
Andhra Pradesh,Kurnool,Language,C-10.5,"C-10.5 Reads short stories and comprehends their meaning - by identifying characters, storyline and what the author wants to say - on their own",55
Andhra Pradesh,Nandyal,Language,C-10.5,"C-10.5 Reads short stories and comprehends their meaning - by identifying characters, storyline and what the author wants to say - on their own",73
Andhra Pradesh,Ntr,Language,C-10.5,"C-10.5 Reads short stories and comprehends their meaning - by identifying characters, storyline and what the author wants to say - on their own",61
Andhra Pradesh,Palnadu,Language,C-10.5,"C-10.5 Reads short stories and comprehends their meaning - by identifying characters, storyline and what the author wants to say - on their own",66
Andhra Pradesh,Parvathipuram Manyam,Language,C-10.5,"C-10.5 Reads short stories and comprehends their meaning - by identifying characters, storyline and what the author wants to say - on their own",64
Andhra Pradesh,Prakasam,Language,C-10.5,"C-10.5 Reads short stories and comprehends their meaning - by identifying characters, storyline and what the author wants to say - on their own",60
Andhra Pradesh,Spsr Nellore,Language,C-10.5,"C-10.5 Reads short stories and comprehends their meaning - by identifying characters, storyline and what the author wants to say - on their own",63
Andhra Pradesh,Sri Sathya Sai,Language,C-10.5,"C-10.5 Reads short stories and comprehends their meaning - by identifying characters, storyline and what the author wants to say - on their own",59
Andhra Pradesh,Srikakulam,Language,C-10.5,"C-10.5 Reads short stories and comprehends their meaning - by identifying characters, storyline and what the author wants to say - on their own",53
Andhra Pradesh,Tirupati,Language,C-10.5,"C-10.5 Reads short stories and comprehends their meaning - by identifying characters, storyline and what the author wants to say - on their own",56
Andhra Pradesh,Visakhapatanam,Language,C-10.5,"C-10.5 Reads short stories and comprehends their meaning - by identifying characters, storyline and what the author wants to say - on their own",66
Andhra Pradesh,Vizianagaram,Language,C-10.5,"C-10.5 Reads short stories and comprehends their meaning - by identifying characters, storyline and what the author wants to say - on their own",62
Andhra Pradesh,West Godavari,Language,C-10.5,"C-10.5 Reads short stories and comprehends their meaning - by identifying characters, storyline and what the author wants to say - on their own",61
Andhra Pradesh,Y.S.R.,Language,C-10.5,"C-10.5 Reads short stories and comprehends their meaning - by identifying characters, storyline and what the author wants to say - on their own",63
Andhra Pradesh,Alluri Sitharama Raju,Mathematics,C-8.1,C-8.1 Sorts objects into groups and sub-groups based on more than one property,61
Andhra Pradesh,Anakapalli,Mathematics,C-8.1,C-8.1 Sorts objects into groups and sub-groups based on more than one property,72
Andhra Pradesh,Anantapur,Mathematics,C-8.1,C-8.1 Sorts objects into groups and sub-groups based on more than one property,56
Andhra Pradesh,Annamayya,Mathematics,C-8.1,C-8.1 Sorts objects into groups and sub-groups based on more than one property,68
Andhra Pradesh,Bapatla,Mathematics,C-8.1,C-8.1 Sorts objects into groups and sub-groups based on more than one property,68
Andhra Pradesh,Chittoor,Mathematics,C-8.1,C-8.1 Sorts objects into groups and sub-groups based on more than one property,67
Andhra Pradesh,East Godavari,Mathematics,C-8.1,C-8.1 Sorts objects into groups and sub-groups based on more than one property,65
Andhra Pradesh,Eluru,Mathematics,C-8.1,C-8.1 Sorts objects into groups and sub-groups based on more than one property,64
Andhra Pradesh,Guntur,Mathematics,C-8.1,C-8.1 Sorts objects into groups and sub-groups based on more than one property,65
Andhra Pradesh,Kakinada,Mathematics,C-8.1,C-8.1 Sorts objects into groups and sub-groups based on more than one property,60
Andhra Pradesh,Konaseema,Mathematics,C-8.1,C-8.1 Sorts objects into groups and sub-groups based on more than one property,69
Andhra Pradesh,Krishna,Mathematics,C-8.1,C-8.1 Sorts objects into groups and sub-groups based on more than one property,72
Andhra Pradesh,Kurnool,Mathematics,C-8.1,C-8.1 Sorts objects into groups and sub-groups based on more than one property,61
Andhra Pradesh,Nandyal,Mathematics,C-8.1,C-8.1 Sorts objects into groups and sub-groups based on more than one property,75
Andhra Pradesh,Ntr,Mathematics,C-8.1,C-8.1 Sorts objects into groups and sub-groups based on more than one property,68
Andhra Pradesh,Palnadu,Mathematics,C-8.1,C-8.1 Sorts objects into groups and sub-groups based on more than one property,74
Andhra Pradesh,Parvathipuram Manyam,Mathematics,C-8.1,C-8.1 Sorts objects into groups and sub-groups based on more than one property,69
Andhra Pradesh,Prakasam,Mathematics,C-8.1,C-8.1 Sorts objects into groups and sub-groups based on more than one property,63
Andhra Pradesh,Spsr Nellore,Mathematics,C-8.1,C-8.1 Sorts objects into groups and sub-groups based on more than one property,70
Andhra Pradesh,Sri Sathya Sai,Mathematics,C-8.1,C-8.1 Sorts objects into groups and sub-groups based on more than one property,65
Andhra Pradesh,Srikakulam,Mathematics,C-8.1,C-8.1 Sorts objects into groups and sub-groups based on more than one property,62
Andhra Pradesh,Tirupati,Mathematics,C-8.1,C-8.1 Sorts objects into groups and sub-groups based on more than one property,67
Andhra Pradesh,Visakhapatanam,Mathematics,C-8.1,C-8.1 Sorts objects into groups and sub-groups based on more than one property,75
Andhra Pradesh,Vizianagaram,Mathematics,C-8.1,C-8.1 Sorts objects into groups and sub-groups based on more than one property,69
Andhra Pradesh,West Godavari,Mathematics,C-8.1,C-8.1 Sorts objects into groups and sub-groups based on more than one property,70
Andhra Pradesh,Y.S.R.,Mathematics,C-8.1,C-8.1 Sorts objects into groups and sub-groups based on more than one property,66
Chhattisgarh,Balod,Language,C-10.5,"C-10.5 Reads short stories and comprehends their meaning - by identifying characters, storyline and what the author wants to say - on their own",66
Chhattisgarh,Baloda Bazar,Language,C-10.5,"C-10.5 Reads short stories and comprehends their meaning - by identifying characters, storyline and what the author wants to say - on their own",52
Chhattisgarh,Balrampur,Language,C-10.5,"C-10.5 Reads short stories and comprehends their meaning - by identifying characters, storyline and what the author wants to say - on their own",69
Chhattisgarh,Bastar,Language,C-10.5,"C-10.5 Reads short stories and comprehends their meaning - by identifying characters, storyline and what the author wants to say - on their own",58
Chhattisgarh,Bemetara,Language,C-10.5,"C-10.5 Reads short stories and comprehends their meaning - by identifying characters, storyline and what the author wants to say - on their own",56
Chhattisgarh,Bijapur,Language,C-10.5,"C-10.5 Reads short stories and comprehends their meaning - by identifying characters, storyline and what the author wants to say - on their own",68
Chhattisgarh,Bilaspur,Language,C-10.5,"C-10.5 Reads short stories and comprehends their meaning - by identifying characters, storyline and what the author wants to say - on their own",52
Chhattisgarh,Dantewada,Language,C-10.5,"C-10.5 Reads short stories and comprehends their meaning - by identifying characters, storyline and what the author wants to say - on their own",52
Chhattisgarh,Dhamtari,Language,C-10.5,"C-10.5 Reads short stories and comprehends their meaning - by identifying characters, storyline and what the author wants to say - on their own",52
Chhattisgarh,Durg,Language,C-10.5,"C-10.5 Reads short stories and comprehends their meaning - by identifying characters, storyline and what the author wants to say - on their own",59
Chhattisgarh,Gariyaband,Language,C-10.5,"C-10.5 Reads short stories and comprehends their meaning - by identifying characters, storyline and what the author wants to say - on their own",51
Chhattisgarh,Gaurella Pendra Marwahi,Language,C-10.5,"C-10.5 Reads short stories and comprehends their meaning - by identifying characters, storyline and what the author wants to say - on their own",50
Chhattisgarh,Janjgir-Champa,Language,C-10.5,"C-10.5 Reads short stories and comprehends their meaning - by identifying characters, storyline and what the author wants to say - on their own",47
Chhattisgarh,Jashpur,Language,C-10.5,"C-10.5 Reads short stories and comprehends their meaning - by identifying characters, storyline and what the author wants to say - on their own",66
Chhattisgarh,Kabirdham,Language,C-10.5,"C-10.5 Reads short stories and comprehends their meaning - by identifying characters, storyline and what the author wants to say - on their own",61
Chhattisgarh,Kanker,Language,C-10.5,"C-10.5 Reads short stories and comprehends their meaning - by identifying characters, storyline and what the author wants to say - on their own",60
Chhattisgarh,Khairgarh Chhuikhadan Gandai,Language,C-10.5,"C-10.5 Reads short stories and comprehends their meaning - by identifying characters, storyline and what the author wants to say - on their own",48
Chhattisgarh,Kondagaon,Language,C-10.5,"C-10.5 Reads short stories and comprehends their meaning - by identifying characters, storyline and what the author wants to say - on their own",46
Chhattisgarh,Korba,Language,C-10.5,"C-10.5 Reads short stories and comprehends their meaning - by identifying characters, storyline and what the author wants to say - on their own",53
Chhattisgarh,Korea,Language,C-10.5,"C-10.5 Reads short stories and comprehends their meaning - by identifying characters, storyline and what the author wants to say - on their own",64
Chhattisgarh,Mahasamund,Language,C-10.5,"C-10.5 Reads short stories and comprehends their meaning - by identifying characters, storyline and what the author wants to say - on their own",52
Chhattisgarh,Manendragarh Chirimiri Bharatpur,Language,C-10.5,"C-10.5 Reads short stories and comprehends their meaning - by identifying characters, storyline and what the author wants to say - on their own",57
Chhattisgarh,Mohla Manpur Ambagarh Chouki,Language,C-10.5,"C-10.5 Reads short stories and comprehends their meaning - by identifying characters, storyline and what the author wants to say - on their own",52
Chhattisgarh,Mungeli,Language,C-10.5,"C-10.5 Reads short stories and comprehends their meaning - by identifying characters, storyline and what the author wants to say - on their own",59
Chhattisgarh,Narayanpur,Language,C-10.5,"C-10.5 Reads short stories and comprehends their meaning - by identifying characters, storyline and what the author wants to say - on their own",44
Chhattisgarh,Raigarh,Language,C-10.5,"C-10.5 Reads short stories and comprehends their meaning - by identifying characters, storyline and what the author wants to say - on their own",64
Chhattisgarh,Raipur,Language,C-10.5,"C-10.5 Reads short stories and comprehends their meaning - by identifying characters, storyline and what the author wants to say - on their own",44
Chhattisgarh,Rajnandgaon,Language,C-10.5,"C-10.5 Reads short stories and comprehends their meaning - by identifying characters, storyline and what the author wants to say - on their own",49
Chhattisgarh,Sakti,Language,C-10.5,"C-10.5 Reads short stories and comprehends their meaning - by identifying characters, storyline and what the author wants to say - on their own",44
Chhattisgarh,Sarangarh Bilaigarh,Language,C-10.5,"C-10.5 Reads short stories and comprehends their meaning - by identifying characters, storyline and what the author wants to say - on their own",51
Chhattisgarh,Sukma,Language,C-10.5,"C-10.5 Reads short stories and comprehends their meaning - by identifying characters, storyline and what the author wants to say - on their own",41
Chhattisgarh,Surajpur,Language,C-10.5,"C-10.5 Reads short stories and comprehends their meaning - by identifying characters, storyline and what the author wants to say - on their own",63
Chhattisgarh,Surguja,Language,C-10.5,"C-10.5 Reads short stories and comprehends their meaning - by identifying characters, storyline and what the author wants to say - on their own",69
Chhattisgarh,Balod,Mathematics,C-8.1,C-8.1 Sorts objects into groups and sub-groups based on more than one property,71
Chhattisgarh,Baloda Bazar,Mathematics,C-8.1,C-8.1 Sorts objects into groups and sub-groups based on more than one property,62
Chhattisgarh,Balrampur,Mathematics,C-8.1,C-8.1 Sorts objects into groups and sub-groups based on more than one property,72
Chhattisgarh,Bastar,Mathematics,C-8.1,C-8.1 Sorts objects into groups and sub-groups based on more than one property,67
Chhattisgarh,Bemetara,Mathematics,C-8.1,C-8.1 Sorts objects into groups and sub-groups based on more than one property,64
Chhattisgarh,Bijapur,Mathematics,C-8.1,C-8.1 Sorts objects into groups and sub-groups based on more than one property,67
Chhattisgarh,Bilaspur,Mathematics,C-8.1,C-8.1 Sorts objects into groups and sub-groups based on more than one property,62
Chhattisgarh,Dantewada,Mathematics,C-8.1,C-8.1 Sorts objects into groups and sub-groups based on more than one property,67
Chhattisgarh,Dhamtari,Mathematics,C-8.1,C-8.1 Sorts objects into groups and sub-groups based on more than one property,66
Chhattisgarh,Durg,Mathematics,C-8.1,C-8.1 Sorts objects into groups and sub-groups based on more than one property,72
Chhattisgarh,Gariyaband,Mathematics,C-8.1,C-8.1 Sorts objects into groups and sub-groups based on more than one property,62
Chhattisgarh,Gaurella Pendra Marwahi,Mathematics,C-8.1,C-8.1 Sorts objects into groups and sub-groups based on more than one property,63
Chhattisgarh,Janjgir-Champa,Mathematics,C-8.1,C-8.1 Sorts objects into groups and sub-groups based on more than one property,58
Chhattisgarh,Jashpur,Mathematics,C-8.1,C-8.1 Sorts objects into groups and sub-groups based on more than one property,75
Chhattisgarh,Kabirdham,Mathematics,C-8.1,C-8.1 Sorts objects into groups and sub-groups based on more than one property,73
Chhattisgarh,Kanker,Mathematics,C-8.1,C-8.1 Sorts objects into groups and sub-groups based on more than one property,64
Chhattisgarh,Khairgarh Chhuikhadan Gandai,Mathematics,C-8.1,C-8.1 Sorts objects into groups and sub-groups based on more than one property,57
Chhattisgarh,Kondagaon,Mathematics,C-8.1,C-8.1 Sorts objects into groups and sub-groups based on more than one property,54
Chhattisgarh,Korba,Mathematics,C-8.1,C-8.1 Sorts objects into groups and sub-groups based on more than one property,60
Chhattisgarh,Korea,Mathematics,C-8.1,C-8.1 Sorts objects into groups and sub-groups based on more than one property,71
Chhattisgarh,Mahasamund,Mathematics,C-8.1,C-8.1 Sorts objects into groups and sub-groups based on more than one property,63
Chhattisgarh,Manendragarh Chirimiri Bharatpur,Mathematics,C-8.1,C-8.1 Sorts objects into groups and sub-groups based on more than one property,66
Chhattisgarh,Mohla Manpur Ambagarh Chouki,Mathematics,C-8.1,C-8.1 Sorts objects into groups and sub-groups based on more than one property,61
Chhattisgarh,Mungeli,Mathematics,C-8.1,C-8.1 Sorts objects into groups and sub-groups based on more than one property,69
Chhattisgarh,Narayanpur,Mathematics,C-8.1,C-8.1 Sorts objects into groups and sub-groups based on more than one property,54
Chhattisgarh,Raigarh,Mathematics,C-8.1,C-8.1 Sorts objects into groups and sub-groups based on more than one property,74
Chhattisgarh,Raipur,Mathematics,C-8.1,C-8.1 Sorts objects into groups and sub-groups based on more than one property,55
Chhattisgarh,Rajnandgaon,Mathematics,C-8.1,C-8.1 Sorts objects into groups and sub-groups based on more than one property,64
Chhattisgarh,Sakti,Mathematics,C-8.1,C-8.1 Sorts objects into groups and sub-groups based on more than one property,56
Chhattisgarh,Sarangarh Bilaigarh,Mathematics,C-8.1,C-8.1 Sorts objects into groups and sub-groups based on more than one property,56
Chhattisgarh,Sukma,Mathematics,C-8.1,C-8.1 Sorts objects into groups and sub-groups based on more than one property,51
Chhattisgarh,Surajpur,Mathematics,C-8.1,C-8.1 Sorts objects into groups and sub-groups based on more than one property,72
Chhattisgarh,Surguja,Mathematics,C-8.1,C-8.1 Sorts objects into groups and sub-groups based on more than one property,74
Jammu & Kashmir,Anantnag,Language,C-10.5,"C-10.5 Reads short stories and comprehends their meaning - by identifying characters, storyline and what the author wants to say - on their own",54
Jammu & Kashmir,Bandipora,Language,C-10.5,"C-10.5 Reads short stories and comprehends their meaning - by identifying characters, storyline and what the author wants to say - on their own",38
Jammu & Kashmir,Baramulla,Language,C-10.5,"C-10.5 Reads short stories and comprehends their meaning - by identifying characters, storyline and what the author wants to say - on their own",50
Jammu & Kashmir,Budgam,Language,C-10.5,"C-10.5 Reads short stories and comprehends their meaning - by identifying characters, storyline and what the author wants to say - on their own",54
Jammu & Kashmir,Doda,Language,C-10.5,"C-10.5 Reads short stories and comprehends their meaning - by identifying characters, storyline and what the author wants to say - on their own",55
Jammu & Kashmir,Ganderbal,Language,C-10.5,"C-10.5 Reads short stories and comprehends their meaning - by identifying characters, storyline and what the author wants to say - on their own",56
Jammu & Kashmir,Jammu,Language,C-10.5,"C-10.5 Reads short stories and comprehends their meaning - by identifying characters, storyline and what the author wants to say - on their own",53
Jammu & Kashmir,Kathua,Language,C-10.5,"C-10.5 Reads short stories and comprehends their meaning - by identifying characters, storyline and what the author wants to say - on their own",51
Jammu & Kashmir,Kishtwar,Language,C-10.5,"C-10.5 Reads short stories and comprehends their meaning - by identifying characters, storyline and what the author wants to say - on their own",62
Jammu & Kashmir,Kulgam,Language,C-10.5,"C-10.5 Reads short stories and comprehends their meaning - by identifying characters, storyline and what the author wants to say - on their own",58
Jammu & Kashmir,Kupwara,Language,C-10.5,"C-10.5 Reads short stories and comprehends their meaning - by identifying characters, storyline and what the author wants to say - on their own",45
Jammu & Kashmir,Poonch,Language,C-10.5,"C-10.5 Reads short stories and comprehends their meaning - by identifying characters, storyline and what the author wants to say - on their own",59
Jammu & Kashmir,Pulwama,Language,C-10.5,"C-10.5 Reads short stories and comprehends their meaning - by identifying characters, storyline and what the author wants to say - on their own",62
Jammu & Kashmir,Rajouri,Language,C-10.5,"C-10.5 Reads short stories and comprehends their meaning - by identifying characters, storyline and what the author wants to say - on their own",35
Jammu & Kashmir,Ramban,Language,C-10.5,"C-10.5 Reads short stories and comprehends their meaning - by identifying characters, storyline and what the author wants to say - on their own",49
Jammu & Kashmir,Reasi,Language,C-10.5,"C-10.5 Reads short stories and comprehends their meaning - by identifying characters, storyline and what the author wants to say - on their own",36
Jammu & Kashmir,Samba,Language,C-10.5,"C-10.5 Reads short stories and comprehends their meaning - by identifying characters, storyline and what the author wants to say - on their own",46
Jammu & Kashmir,Shopian,Language,C-10.5,"C-10.5 Reads short stories and comprehends their meaning - by identifying characters, storyline and what the author wants to say - on their own",54
Jammu & Kashmir,Srinagar,Language,C-10.5,"C-10.5 Reads short stories and comprehends their meaning - by identifying characters, storyline and what the author wants to say - on their own",61
Jammu & Kashmir,Udhampur,Language,C-10.5,"C-10.5 Reads short stories and comprehends their meaning - by identifying characters, storyline and what the author wants to say - on their own",40
Jammu & Kashmir,Anantnag,Mathematics,C-8.1,C-8.1 Sorts objects into groups and sub-groups based on more than one property,61
Jammu & Kashmir,Bandipora,Mathematics,C-8.1,C-8.1 Sorts objects into groups and sub-groups based on more than one property,55
Jammu & Kashmir,Baramulla,Mathematics,C-8.1,C-8.1 Sorts objects into groups and sub-groups based on more than one property,62
Jammu & Kashmir,Budgam,Mathematics,C-8.1,C-8.1 Sorts objects into groups and sub-groups based on more than one property,71
Jammu & Kashmir,Doda,Mathematics,C-8.1,C-8.1 Sorts objects into groups and sub-groups based on more than one property,67
Jammu & Kashmir,Ganderbal,Mathematics,C-8.1,C-8.1 Sorts objects into groups and sub-groups based on more than one property,72
Jammu & Kashmir,Jammu,Mathematics,C-8.1,C-8.1 Sorts objects into groups and sub-groups based on more than one property,70
Jammu & Kashmir,Kathua,Mathematics,C-8.1,C-8.1 Sorts objects into groups and sub-groups based on more than one property,69
Jammu & Kashmir,Kishtwar,Mathematics,C-8.1,C-8.1 Sorts objects into groups and sub-groups based on more than one property,72
Jammu & Kashmir,Kulgam,Mathematics,C-8.1,C-8.1 Sorts objects into groups and sub-groups based on more than one property,69
Jammu & Kashmir,Kupwara,Mathematics,C-8.1,C-8.1 Sorts objects into groups and sub-groups based on more than one property,59
Jammu & Kashmir,Poonch,Mathematics,C-8.1,C-8.1 Sorts objects into groups and sub-groups based on more than one property,69
Jammu & Kashmir,Pulwama,Mathematics,C-8.1,C-8.1 Sorts objects into groups and sub-groups based on more than one property,76
Jammu & Kashmir,Rajouri,Mathematics,C-8.1,C-8.1 Sorts objects into groups and sub-groups based on more than one property,52
Jammu & Kashmir,Ramban,Mathematics,C-8.1,C-8.1 Sorts objects into groups and sub-groups based on more than one property,61
Jammu & Kashmir,Reasi,Mathematics,C-8.1,C-8.1 Sorts objects into groups and sub-groups based on more than one property,51
Jammu & Kashmir,Samba,Mathematics,C-8.1,C-8.1 Sorts objects into groups and sub-groups based on more than one property,59
Jammu & Kashmir,Shopian,Mathematics,C-8.1,C-8.1 Sorts objects into groups and sub-groups based on more than one property,67
Jammu & Kashmir,Srinagar,Mathematics,C-8.1,C-8.1 Sorts objects into groups and sub-groups based on more than one property,69
Jammu & Kashmir,Udhampur,Mathematics,C-8.1,C-8.1 Sorts objects into groups and sub-groups based on more than one property,56
Jharkhand,Bokaro,Language,C-10.5,"C-10.5 Reads short stories and comprehends their meaning - by identifying characters, storyline and what the author wants to say - on their own",59
Jharkhand,Chatra,Language,C-10.5,"C-10.5 Reads short stories and comprehends their meaning - by identifying characters, storyline and what the author wants to say - on their own",50
Jharkhand,Deoghar,Language,C-10.5,"C-10.5 Reads short stories and comprehends their meaning - by identifying characters, storyline and what the author wants to say - on their own",59
Jharkhand,Dhanbad,Language,C-10.5,"C-10.5 Reads short stories and comprehends their meaning - by identifying characters, storyline and what the author wants to say - on their own",58
Jharkhand,Dumka,Language,C-10.5,"C-10.5 Reads short stories and comprehends their meaning - by identifying characters, storyline and what the author wants to say - on their own",54
Jharkhand,East Singhbum,Language,C-10.5,"C-10.5 Reads short stories and comprehends their meaning - by identifying characters, storyline and what the author wants to say - on their own",54
Jharkhand,Garhwa,Language,C-10.5,"C-10.5 Reads short stories and comprehends their meaning - by identifying characters, storyline and what the author wants to say - on their own",50
Jharkhand,Giridih,Language,C-10.5,"C-10.5 Reads short stories and comprehends their meaning - by identifying characters, storyline and what the author wants to say - on their own",52
Jharkhand,Godda,Language,C-10.5,"C-10.5 Reads short stories and comprehends their meaning - by identifying characters, storyline and what the author wants to say - on their own",49
Jharkhand,Gumla,Language,C-10.5,"C-10.5 Reads short stories and comprehends their meaning - by identifying characters, storyline and what the author wants to say - on their own",45
Jharkhand,Hazaribagh,Language,C-10.5,"C-10.5 Reads short stories and comprehends their meaning - by identifying characters, storyline and what the author wants to say - on their own",48
Jharkhand,Jamtara,Language,C-10.5,"C-10.5 Reads short stories and comprehends their meaning - by identifying characters, storyline and what the author wants to say - on their own",51
Jharkhand,Khunti,Language,C-10.5,"C-10.5 Reads short stories and comprehends their meaning - by identifying characters, storyline and what the author wants to say - on their own",57
Jharkhand,Koderma,Language,C-10.5,"C-10.5 Reads short stories and comprehends their meaning - by identifying characters, storyline and what the author wants to say - on their own",52
Jharkhand,Latehar,Language,C-10.5,"C-10.5 Reads short stories and comprehends their meaning - by identifying characters, storyline and what the author wants to say - on their own",44
Jharkhand,Lohardaga,Language,C-10.5,"C-10.5 Reads short stories and comprehends their meaning - by identifying characters, storyline and what the author wants to say - on their own",47
Jharkhand,Pakur,Language,C-10.5,"C-10.5 Reads short stories and comprehends their meaning - by identifying characters, storyline and what the author wants to say - on their own",43
Jharkhand,Palamu,Language,C-10.5,"C-10.5 Reads short stories and comprehends their meaning - by identifying characters, storyline and what the author wants to say - on their own",47
Jharkhand,Ramgarh,Language,C-10.5,"C-10.5 Reads short stories and comprehends their meaning - by identifying characters, storyline and what the author wants to say - on their own",51
Jharkhand,Ranchi,Language,C-10.5,"C-10.5 Reads short stories and comprehends their meaning - by identifying characters, storyline and what the author wants to say - on their own",51
Jharkhand,Sahebganj,Language,C-10.5,"C-10.5 Reads short stories and comprehends their meaning - by identifying characters, storyline and what the author wants to say - on their own",36
Jharkhand,Saraikela Kharsawan,Language,C-10.5,"C-10.5 Reads short stories and comprehends their meaning - by identifying characters, storyline and what the author wants to say - on their own",52
Jharkhand,Simdega,Language,C-10.5,"C-10.5 Reads short stories and comprehends their meaning - by identifying characters, storyline and what the author wants to say - on their own",52
Jharkhand,West Singhbhum,Language,C-10.5,"C-10.5 Reads short stories and comprehends their meaning - by identifying characters, storyline and what the author wants to say - on their own",48
Jharkhand,Bokaro,Mathematics,C-8.1,C-8.1 Sorts objects into groups and sub-groups based on more than one property,70
Jharkhand,Chatra,Mathematics,C-8.1,C-8.1 Sorts objects into groups and sub-groups based on more than one property,56
Jharkhand,Deoghar,Mathematics,C-8.1,C-8.1 Sorts objects into groups and sub-groups based on more than one property,67
Jharkhand,Dhanbad,Mathematics,C-8.1,C-8.1 Sorts objects into groups and sub-groups based on more than one property,65
Jharkhand,Dumka,Mathematics,C-8.1,C-8.1 Sorts objects into groups and sub-groups based on more than one property,61
Jharkhand,East Singhbum,Mathematics,C-8.1,C-8.1 Sorts objects into groups and sub-groups based on more than one property,67
Jharkhand,Garhwa,Mathematics,C-8.1,C-8.1 Sorts objects into groups and sub-groups based on more than one property,58
Jharkhand,Giridih,Mathematics,C-8.1,C-8.1 Sorts objects into groups and sub-groups based on more than one property,59
Jharkhand,Godda,Mathematics,C-8.1,C-8.1 Sorts objects into groups and sub-groups based on more than one property,54
Jharkhand,Gumla,Mathematics,C-8.1,C-8.1 Sorts objects into groups and sub-groups based on more than one property,56
Jharkhand,Hazaribagh,Mathematics,C-8.1,C-8.1 Sorts objects into groups and sub-groups based on more than one property,59
Jharkhand,Jamtara,Mathematics,C-8.1,C-8.1 Sorts objects into groups and sub-groups based on more than one property,62
Jharkhand,Khunti,Mathematics,C-8.1,C-8.1 Sorts objects into groups and sub-groups based on more than one property,63
Jharkhand,Koderma,Mathematics,C-8.1,C-8.1 Sorts objects into groups and sub-groups based on more than one property,61
Jharkhand,Latehar,Mathematics,C-8.1,C-8.1 Sorts objects into groups and sub-groups based on more than one property,50
Jharkhand,Lohardaga,Mathematics,C-8.1,C-8.1 Sorts objects into groups and sub-groups based on more than one property,61
Jharkhand,Pakur,Mathematics,C-8.1,C-8.1 Sorts objects into groups and sub-groups based on more than one property,50
Jharkhand,Palamu,Mathematics,C-8.1,C-8.1 Sorts objects into groups and sub-groups based on more than one property,57
Jharkhand,Ramgarh,Mathematics,C-8.1,C-8.1 Sorts objects into groups and sub-groups based on more than one property,67
Jharkhand,Ranchi,Mathematics,C-8.1,C-8.1 Sorts objects into groups and sub-groups based on more than one property,62
Jharkhand,Sahebganj,Mathematics,C-8.1,C-8.1 Sorts objects into groups and sub-groups based on more than one property,44
Jharkhand,Saraikela Kharsawan,Mathematics,C-8.1,C-8.1 Sorts objects into groups and sub-groups based on more than one property,61
Jharkhand,Simdega,Mathematics,C-8.1,C-8.1 Sorts objects into groups and sub-groups based on more than one property,63
Jharkhand,West Singhbhum,Mathematics,C-8.1,C-8.1 Sorts objects into groups and sub-groups based on more than one property,58
Kerala,Alappuzha,Language,C-10.5,"C-10.5 Reads short stories and comprehends their meaning - by identifying characters, storyline and what the author wants to say - on their own",75
Kerala,Ernakulam,Language,C-10.5,"C-10.5 Reads short stories and comprehends their meaning - by identifying characters, storyline and what the author wants to say - on their own",83
Kerala,Idukki,Language,C-10.5,"C-10.5 Reads short stories and comprehends their meaning - by identifying characters, storyline and what the author wants to say - on their own",71
Kerala,Kannur,Language,C-10.5,"C-10.5 Reads short stories and comprehends their meaning - by identifying characters, storyline and what the author wants to say - on their own",72
Kerala,Kasaragod,Language,C-10.5,"C-10.5 Reads short stories and comprehends their meaning - by identifying characters, storyline and what the author wants to say - on their own",65
Kerala,Kollam,Language,C-10.5,"C-10.5 Reads short stories and comprehends their meaning - by identifying characters, storyline and what the author wants to say - on their own",77
Kerala,Kottayam,Language,C-10.5,"C-10.5 Reads short stories and comprehends their meaning - by identifying characters, storyline and what the author wants to say - on their own",66
Kerala,Kozhikode,Language,C-10.5,"C-10.5 Reads short stories and comprehends their meaning - by identifying characters, storyline and what the author wants to say - on their own",74
Kerala,Malappuram,Language,C-10.5,"C-10.5 Reads short stories and comprehends their meaning - by identifying characters, storyline and what the author wants to say - on their own",67
Kerala,Palakkad,Language,C-10.5,"C-10.5 Reads short stories and comprehends their meaning - by identifying characters, storyline and what the author wants to say - on their own",69
Kerala,Pathanamthitta,Language,C-10.5,"C-10.5 Reads short stories and comprehends their meaning - by identifying characters, storyline and what the author wants to say - on their own",69
Kerala,Thiruvananthapuram,Language,C-10.5,"C-10.5 Reads short stories and comprehends their meaning - by identifying characters, storyline and what the author wants to say - on their own",80
Kerala,Thrissur,Language,C-10.5,"C-10.5 Reads short stories and comprehends their meaning - by identifying characters, storyline and what the author wants to say - on their own",73
Kerala,Wayanad,Language,C-10.5,"C-10.5 Reads short stories and comprehends their meaning - by identifying characters, storyline and what the author wants to say - on their own",62
Kerala,Alappuzha,Mathematics,C-8.1,C-8.1 Sorts objects into groups and sub-groups based on more than one property,79
Kerala,Ernakulam,Mathematics,C-8.1,C-8.1 Sorts objects into groups and sub-groups based on more than one property,88
Kerala,Idukki,Mathematics,C-8.1,C-8.1 Sorts objects into groups and sub-groups based on more than one property,77
Kerala,Kannur,Mathematics,C-8.1,C-8.1 Sorts objects into groups and sub-groups based on more than one property,79
Kerala,Kasaragod,Mathematics,C-8.1,C-8.1 Sorts objects into groups and sub-groups based on more than one property,70
Kerala,Kollam,Mathematics,C-8.1,C-8.1 Sorts objects into groups and sub-groups based on more than one property,83
Kerala,Kottayam,Mathematics,C-8.1,C-8.1 Sorts objects into groups and sub-groups based on more than one property,77
Kerala,Kozhikode,Mathematics,C-8.1,C-8.1 Sorts objects into groups and sub-groups based on more than one property,81
Kerala,Malappuram,Mathematics,C-8.1,C-8.1 Sorts objects into groups and sub-groups based on more than one property,79
Kerala,Palakkad,Mathematics,C-8.1,C-8.1 Sorts objects into groups and sub-groups based on more than one property,77
Kerala,Pathanamthitta,Mathematics,C-8.1,C-8.1 Sorts objects into groups and sub-groups based on more than one property,74
Kerala,Thiruvananthapuram,Mathematics,C-8.1,C-8.1 Sorts objects into groups and sub-groups based on more than one property,85
Kerala,Thrissur,Mathematics,C-8.1,C-8.1 Sorts objects into groups and sub-groups based on more than one property,78
Kerala,Wayanad,Mathematics,C-8.1,C-8.1 Sorts objects into groups and sub-groups based on more than one property,72
Rajasthan,Ajmer,Language,C-10.5,"C-10.5 Reads short stories and comprehends their meaning - by identifying characters, storyline and what the author wants to say - on their own",75
Rajasthan,Alwar,Language,C-10.5,"C-10.5 Reads short stories and comprehends their meaning - by identifying characters, storyline and what the author wants to say - on their own",67
Rajasthan,Anoopgarh,Language,C-10.5,"C-10.5 Reads short stories and comprehends their meaning - by identifying characters, storyline and what the author wants to say - on their own",64
Rajasthan,Balotra,Language,C-10.5,"C-10.5 Reads short stories and comprehends their meaning - by identifying characters, storyline and what the author wants to say - on their own",58
Rajasthan,Banswara,Language,C-10.5,"C-10.5 Reads short stories and comprehends their meaning - by identifying characters, storyline and what the author wants to say - on their own",55
Rajasthan,Baran,Language,C-10.5,"C-10.5 Reads short stories and comprehends their meaning - by identifying characters, storyline and what the author wants to say - on their own",58
Rajasthan,Barmer,Language,C-10.5,"C-10.5 Reads short stories and comprehends their meaning - by identifying characters, storyline and what the author wants to say - on their own",59
Rajasthan,Beawar,Language,C-10.5,"C-10.5 Reads short stories and comprehends their meaning - by identifying characters, storyline and what the author wants to say - on their own",64
Rajasthan,Bharatpur,Language,C-10.5,"C-10.5 Reads short stories and comprehends their meaning - by identifying characters, storyline and what the author wants to say - on their own",78
Rajasthan,Bhilwara,Language,C-10.5,"C-10.5 Reads short stories and comprehends their meaning - by identifying characters, storyline and what the author wants to say - on their own",69
Rajasthan,Bikaner,Language,C-10.5,"C-10.5 Reads short stories and comprehends their meaning - by identifying characters, storyline and what the author wants to say - on their own",63
Rajasthan,Bundi,Language,C-10.5,"C-10.5 Reads short stories and comprehends their meaning - by identifying characters, storyline and what the author wants to say - on their own",62
Rajasthan,Chittorgarh,Language,C-10.5,"C-10.5 Reads short stories and comprehends their meaning - by identifying characters, storyline and what the author wants to say - on their own",69
Rajasthan,Churu,Language,C-10.5,"C-10.5 Reads short stories and comprehends their meaning - by identifying characters, storyline and what the author wants to say - on their own",71
Rajasthan,Dausa,Language,C-10.5,"C-10.5 Reads short stories and comprehends their meaning - by identifying characters, storyline and what the author wants to say - on their own",66
Rajasthan,Deeg,Language,C-10.5,"C-10.5 Reads short stories and comprehends their meaning - by identifying characters, storyline and what the author wants to say - on their own",77
Rajasthan,Dholpur,Language,C-10.5,"C-10.5 Reads short stories and comprehends their meaning - by identifying characters, storyline and what the author wants to say - on their own",80
Rajasthan,Didwana Kuchaman,Language,C-10.5,"C-10.5 Reads short stories and comprehends their meaning - by identifying characters, storyline and what the author wants to say - on their own",80
Rajasthan,Dudu,Language,C-10.5,"C-10.5 Reads short stories and comprehends their meaning - by identifying characters, storyline and what the author wants to say - on their own",77
Rajasthan,Dungarpur,Language,C-10.5,"C-10.5 Reads short stories and comprehends their meaning - by identifying characters, storyline and what the author wants to say - on their own",72
Rajasthan,Ganganagar,Language,C-10.5,"C-10.5 Reads short stories and comprehends their meaning - by identifying characters, storyline and what the author wants to say - on their own",67
Rajasthan,Gangapurcity,Language,C-10.5,"C-10.5 Reads short stories and comprehends their meaning - by identifying characters, storyline and what the author wants to say - on their own",62
Rajasthan,Hanumangarh,Language,C-10.5,"C-10.5 Reads short stories and comprehends their meaning - by identifying characters, storyline and what the author wants to say - on their own",65
Rajasthan,Jaipur,Language,C-10.5,"C-10.5 Reads short stories and comprehends their meaning - by identifying characters, storyline and what the author wants to say - on their own",60
Rajasthan,Jaipur Gramin,Language,C-10.5,"C-10.5 Reads short stories and comprehends their meaning - by identifying characters, storyline and what the author wants to say - on their own",62
Rajasthan,Jaisalmer,Language,C-10.5,"C-10.5 Reads short stories and comprehends their meaning - by identifying characters, storyline and what the author wants to say - on their own",70
Rajasthan,Jalore,Language,C-10.5,"C-10.5 Reads short stories and comprehends their meaning - by identifying characters, storyline and what the author wants to say - on their own",58
Rajasthan,Jhalawar,Language,C-10.5,"C-10.5 Reads short stories and comprehends their meaning - by identifying characters, storyline and what the author wants to say - on their own",73
Rajasthan,Jhunjhunu,Language,C-10.5,"C-10.5 Reads short stories and comprehends their meaning - by identifying characters, storyline and what the author wants to say - on their own",72
Rajasthan,Jodhpur,Language,C-10.5,"C-10.5 Reads short stories and comprehends their meaning - by identifying characters, storyline and what the author wants to say - on their own",52
Rajasthan,Jodhpur Gramin,Language,C-10.5,"C-10.5 Reads short stories and comprehends their meaning - by identifying characters, storyline and what the author wants to say - on their own",60
Rajasthan,Karauli,Language,C-10.5,"C-10.5 Reads short stories and comprehends their meaning - by identifying characters, storyline and what the author wants to say - on their own",65
Rajasthan,Kekri,Language,C-10.5,"C-10.5 Reads short stories and comprehends their meaning - by identifying characters, storyline and what the author wants to say - on their own",67
Rajasthan,Khairthal-Tijara,Language,C-10.5,"C-10.5 Reads short stories and comprehends their meaning - by identifying characters, storyline and what the author wants to say - on their own",68
Rajasthan,Kota,Language,C-10.5,"C-10.5 Reads short stories and comprehends their meaning - by identifying characters, storyline and what the author wants to say - on their own",67
Rajasthan,Kotputli-Behror,Language,C-10.5,"C-10.5 Reads short stories and comprehends their meaning - by identifying characters, storyline and what the author wants to say - on their own",71
Rajasthan,Nagaur,Language,C-10.5,"C-10.5 Reads short stories and comprehends their meaning - by identifying characters, storyline and what the author wants to say - on their own",72
Rajasthan,Neem Ka Thana,Language,C-10.5,"C-10.5 Reads short stories and comprehends their meaning - by identifying characters, storyline and what the author wants to say - on their own",62
Rajasthan,Pali,Language,C-10.5,"C-10.5 Reads short stories and comprehends their meaning - by identifying characters, storyline and what the author wants to say - on their own",64
Rajasthan,Phalodi,Language,C-10.5,"C-10.5 Reads short stories and comprehends their meaning - by identifying characters, storyline and what the author wants to say - on their own",58
Rajasthan,Pratapgarh,Language,C-10.5,"C-10.5 Reads short stories and comprehends their meaning - by identifying characters, storyline and what the author wants to say - on their own",70
Rajasthan,Rajsamand,Language,C-10.5,"C-10.5 Reads short stories and comprehends their meaning - by identifying characters, storyline and what the author wants to say - on their own",70
Rajasthan,Salumbar,Language,C-10.5,"C-10.5 Reads short stories and comprehends their meaning - by identifying characters, storyline and what the author wants to say - on their own",60
Rajasthan,Sanchor,Language,C-10.5,"C-10.5 Reads short stories and comprehends their meaning - by identifying characters, storyline and what the author wants to say - on their own",60
Rajasthan,Sawai Madhopur,Language,C-10.5,"C-10.5 Reads short stories and comprehends their meaning - by identifying characters, storyline and what the author wants to say - on their own",66
Rajasthan,Shahpura,Language,C-10.5,"C-10.5 Reads short stories and comprehends their meaning - by identifying characters, storyline and what the author wants to say - on their own",65
Rajasthan,Sikar,Language,C-10.5,"C-10.5 Reads short stories and comprehends their meaning - by identifying characters, storyline and what the author wants to say - on their own",65
Rajasthan,Sirohi,Language,C-10.5,"C-10.5 Reads short stories and comprehends their meaning - by identifying characters, storyline and what the author wants to say - on their own",66
Rajasthan,Tonk,Language,C-10.5,"C-10.5 Reads short stories and comprehends their meaning - by identifying characters, storyline and what the author wants to say - on their own",75
Rajasthan,Udaipur,Language,C-10.5,"C-10.5 Reads short stories and comprehends their meaning - by identifying characters, storyline and what the author wants to say - on their own",67
Rajasthan,Ajmer,Mathematics,C-8.1,C-8.1 Sorts objects into groups and sub-groups based on more than one property,84
Rajasthan,Alwar,Mathematics,C-8.1,C-8.1 Sorts objects into groups and sub-groups based on more than one property,74
Rajasthan,Anoopgarh,Mathematics,C-8.1,C-8.1 Sorts objects into groups and sub-groups based on more than one property,66
Rajasthan,Balotra,Mathematics,C-8.1,C-8.1 Sorts objects into groups and sub-groups based on more than one property,65
Rajasthan,Banswara,Mathematics,C-8.1,C-8.1 Sorts objects into groups and sub-groups based on more than one property,59
Rajasthan,Baran,Mathematics,C-8.1,C-8.1 Sorts objects into groups and sub-groups based on more than one property,67
Rajasthan,Barmer,Mathematics,C-8.1,C-8.1 Sorts objects into groups and sub-groups based on more than one property,69
Rajasthan,Beawar,Mathematics,C-8.1,C-8.1 Sorts objects into groups and sub-groups based on more than one property,75
Rajasthan,Bharatpur,Mathematics,C-8.1,C-8.1 Sorts objects into groups and sub-groups based on more than one property,83
Rajasthan,Bhilwara,Mathematics,C-8.1,C-8.1 Sorts objects into groups and sub-groups based on more than one property,76
Rajasthan,Bikaner,Mathematics,C-8.1,C-8.1 Sorts objects into groups and sub-groups based on more than one property,66
Rajasthan,Bundi,Mathematics,C-8.1,C-8.1 Sorts objects into groups and sub-groups based on more than one property,73
Rajasthan,Chittorgarh,Mathematics,C-8.1,C-8.1 Sorts objects into groups and sub-groups based on more than one property,74
Rajasthan,Churu,Mathematics,C-8.1,C-8.1 Sorts objects into groups and sub-groups based on more than one property,74
Rajasthan,Dausa,Mathematics,C-8.1,C-8.1 Sorts objects into groups and sub-groups based on more than one property,72
Rajasthan,Deeg,Mathematics,C-8.1,C-8.1 Sorts objects into groups and sub-groups based on more than one property,80
Rajasthan,Dholpur,Mathematics,C-8.1,C-8.1 Sorts objects into groups and sub-groups based on more than one property,83
Rajasthan,Didwana Kuchaman,Mathematics,C-8.1,C-8.1 Sorts objects into groups and sub-groups based on more than one property,78
Rajasthan,Dudu,Mathematics,C-8.1,C-8.1 Sorts objects into groups and sub-groups based on more than one property,79
Rajasthan,Dungarpur,Mathematics,C-8.1,C-8.1 Sorts objects into groups and sub-groups based on more than one property,76
Rajasthan,Ganganagar,Mathematics,C-8.1,C-8.1 Sorts objects into groups and sub-groups based on more than one property,75
Rajasthan,Gangapurcity,Mathematics,C-8.1,C-8.1 Sorts objects into groups and sub-groups based on more than one property,67
Rajasthan,Hanumangarh,Mathematics,C-8.1,C-8.1 Sorts objects into groups and sub-groups based on more than one property,71
Rajasthan,Jaipur,Mathematics,C-8.1,C-8.1 Sorts objects into groups and sub-groups based on more than one property,74
Rajasthan,Jaipur Gramin,Mathematics,C-8.1,C-8.1 Sorts objects into groups and sub-groups based on more than one property,71
Rajasthan,Jaisalmer,Mathematics,C-8.1,C-8.1 Sorts objects into groups and sub-groups based on more than one property,75
Rajasthan,Jalore,Mathematics,C-8.1,C-8.1 Sorts objects into groups and sub-groups based on more than one property,61
Rajasthan,Jhalawar,Mathematics,C-8.1,C-8.1 Sorts objects into groups and sub-groups based on more than one property,77
Rajasthan,Jhunjhunu,Mathematics,C-8.1,C-8.1 Sorts objects into groups and sub-groups based on more than one property,75
Rajasthan,Jodhpur,Mathematics,C-8.1,C-8.1 Sorts objects into groups and sub-groups based on more than one property,64
Rajasthan,Jodhpur Gramin,Mathematics,C-8.1,C-8.1 Sorts objects into groups and sub-groups based on more than one property,67
Rajasthan,Karauli,Mathematics,C-8.1,C-8.1 Sorts objects into groups and sub-groups based on more than one property,72
Rajasthan,Kekri,Mathematics,C-8.1,C-8.1 Sorts objects into groups and sub-groups based on more than one property,70
Rajasthan,Khairthal-Tijara,Mathematics,C-8.1,C-8.1 Sorts objects into groups and sub-groups based on more than one property,71
Rajasthan,Kota,Mathematics,C-8.1,C-8.1 Sorts objects into groups and sub-groups based on more than one property,73
Rajasthan,Kotputli-Behror,Mathematics,C-8.1,C-8.1 Sorts objects into groups and sub-groups based on more than one property,78
Rajasthan,Nagaur,Mathematics,C-8.1,C-8.1 Sorts objects into groups and sub-groups based on more than one property,79
Rajasthan,Neem Ka Thana,Mathematics,C-8.1,C-8.1 Sorts objects into groups and sub-groups based on more than one property,69
Rajasthan,Pali,Mathematics,C-8.1,C-8.1 Sorts objects into groups and sub-groups based on more than one property,73
Rajasthan,Phalodi,Mathematics,C-8.1,C-8.1 Sorts objects into groups and sub-groups based on more than one property,61
Rajasthan,Pratapgarh,Mathematics,C-8.1,C-8.1 Sorts objects into groups and sub-groups based on more than one property,75
Rajasthan,Rajsamand,Mathematics,C-8.1,C-8.1 Sorts objects into groups and sub-groups based on more than one property,75
Rajasthan,Salumbar,Mathematics,C-8.1,C-8.1 Sorts objects into groups and sub-groups based on more than one property,63
Rajasthan,Sanchor,Mathematics,C-8.1,C-8.1 Sorts objects into groups and sub-groups based on more than one property,63
Rajasthan,Sawai Madhopur,Mathematics,C-8.1,C-8.1 Sorts objects into groups and sub-groups based on more than one property,69
Rajasthan,Shahpura,Mathematics,C-8.1,C-8.1 Sorts objects into groups and sub-groups based on more than one property,70
Rajasthan,Sikar,Mathematics,C-8.1,C-8.1 Sorts objects into groups and sub-groups based on more than one property,71
Rajasthan,Sirohi,Mathematics,C-8.1,C-8.1 Sorts objects into groups and sub-groups based on more than one property,71
Rajasthan,Tonk,Mathematics,C-8.1,C-8.1 Sorts objects into groups and sub-groups based on more than one property,77
Rajasthan,Udaipur,Mathematics,C-8.1,C-8.1 Sorts objects into groups and sub-groups based on more than one property,74
