State,District,Stage,Subject,LO_Code,Description,Score
Andhra Pradesh,Alluri Sitharama Raju,Foundational Stage,Language,C-10.5,"C-10.5 Reads short stories and comprehends their meaning - by identifying characters, storyline and what the author wants to say - on their own",55
Andhra Pradesh,Anakapalli,Foundational Stage,Language,C-10.5,"C-10.5 Reads short stories and comprehends their meaning - by identifying characters, storyline and what the author wants to say - on their own",64
Andhra Pradesh,Anantapur,Foundational Stage,Language,C-10.5,"C-10.5 Reads short stories and comprehends their meaning - by identifying characters, storyline and what the author wants to say - on their own",47
Andhra Pradesh,Annamayya,Foundational Stage,Language,C-10.5,"C-10.5 Reads short stories and comprehends their meaning - by identifying characters, storyline and what the author wants to say - on their own",60
Andhra Pradesh,Bapatla,Foundational Stage,Language,C-10.5,"C-10.5 Reads short stories and comprehends their meaning - by identifying characters, storyline and what the author wants to say - on their own",62
Andhra Pradesh,Chittoor,Foundational Stage,Language,C-10.5,"C-10.5 Reads short stories and comprehends their meaning - by identifying characters, storyline and what the author wants to say - on their own",62
Andhra Pradesh,East Godavari,Foundational Stage,Language,C-10.5,"C-10.5 Reads short stories and comprehends their meaning - by identifying characters, storyline and what the author wants to say - on their own",57
Andhra Pradesh,Eluru,Foundational Stage,Language,C-10.5,"C-10.5 Reads short stories and comprehends their meaning - by identifying characters, storyline and what the author wants to say - on their own",61
Andhra Pradesh,Guntur,Foundational Stage,Language,C-10.5,"C-10.5 Reads short stories and comprehends their meaning - by identifying characters, storyline and what the author wants to say - on their own",62
Andhra Pradesh,Kakinada,Foundational Stage,Language,C-10.5,"C-10.5 Reads short stories and comprehends their meaning - by identifying characters, storyline and what the author wants to say - on their own",52
Andhra Pradesh,Konaseema,Foundational Stage,Language,C-10.5,"C-10.5 Reads short stories and comprehends their meaning - by identifying characters, storyline and what the author wants to say - on their own",62
Andhra Pradesh,Krishna,Foundational Stage,Language,C-10.5,"C-10.5 Reads short stories and comprehends their meaning - by identifying characters, storyline and what the author wants to say - on their own",69
Andhra Pradesh,Kurnool,Foundational Stage,Language,C-10.5,"C-10.5 Reads short stories and comprehends their meaning - by identifying characters, storyline and what the author wants to say - on their own",55
Andhra Pradesh,Nandyal,Foundational Stage,Language,C-10.5,"C-10.5 Reads short stories and comprehends their meaning - by identifying characters, storyline and what the author wants to say - on their own",73
Andhra Pradesh,Ntr,Foundational Stage,Language,C-10.5,"C-10.5 Reads short stories and comprehends their meaning - by identifying characters, storyline and what the author wants to say - on their own",61
Andhra Pradesh,Palnadu,Foundational Stage,Language,C-10.5,"C-10.5 Reads short stories and comprehends their meaning - by identifying characters, storyline and what the author wants to say - on their own",66
Andhra Pradesh,Parvathipuram Manyam,Foundational Stage,Language,C-10.5,"C-10.5 Reads short stories and comprehends their meaning - by identifying characters, storyline and what the author wants to say - on their own",64
Andhra Pradesh,Prakasam,Foundational Stage,Language,C-10.5,"C-10.5 Reads short stories and comprehends their meaning - by identifying characters, storyline and what the author wants to say - on their own",60
Andhra Pradesh,Spsr Nellore,Foundational Stage,Language,C-10.5,"C-10.5 Reads short stories and comprehends their meaning - by identifying characters, storyline and what the author wants to say - on their own",63
Andhra Pradesh,Sri Sathya Sai,Foundational Stage,Language,C-10.5,"C-10.5 Reads short stories and comprehends their meaning - by identifying characters, storyline and what the author wants to say - on their own",59
Andhra Pradesh,Srikakulam,Foundational Stage,Language,C-10.5,"C-10.5 Reads short stories and comprehends their meaning - by identifying characters, storyline and what the author wants to say - on their own",53
Andhra Pradesh,State,Foundational Stage,Language,C-10.5,"C-10.5 Reads short stories and comprehends their meaning - by identifying characters, storyline and what the author wants to say - on their own",60
Andhra Pradesh,Tirupati,Foundational Stage,Language,C-10.5,"C-10.5 Reads short stories and comprehends their meaning - by identifying characters, storyline and what the author wants to say - on their own",56
Andhra Pradesh,Visakhapatanam,Foundational Stage,Language,C-10.5,"C-10.5 Reads short stories and comprehends their meaning - by identifying characters, storyline and what the author wants to say - on their own",66
Andhra Pradesh,Vizianagaram,Foundational Stage,Language,C-10.5,"C-10.5 Reads short stories and comprehends their meaning - by identifying characters, storyline and what the author wants to say - on their own",62
Andhra Pradesh,West Godavari,Foundational Stage,Language,C-10.5,"C-10.5 Reads short stories and comprehends their meaning - by identifying characters, storyline and what the author wants to say - on their own",61
Andhra Pradesh,Y.S.R.,Foundational Stage,Language,C-10.5,"C-10.5 Reads short stories and comprehends their meaning - by identifying characters, storyline and what the author wants to say - on their own",63
Andhra Pradesh,State,Foundational Stage,Language,C-10.7,C-10.7,62
Andhra Pradesh,State,Foundational Stage,Language,C-9.7,C-9.7,67
Andhra Pradesh,Alluri Sitharama Raju,Foundational Stage,Mathematics,C-8.1,C-8.1 Sorts objects into groups and sub-groups based on more than one property,61
Andhra Pradesh,Anakapalli,Foundational Stage,Mathematics,C-8.1,C-8.1 Sorts objects into groups and sub-groups based on more than one property,72
Andhra Pradesh,Anantapur,Foundational Stage,Mathematics,C-8.1,C-8.1 Sorts objects into groups and sub-groups based on more than one property,56
Andhra Pradesh,Annamayya,Foundational Stage,Mathematics,C-8.1,C-8.1 Sorts objects into groups and sub-groups based on more than one property,68
Andhra Pradesh,Bapatla,Foundational Stage,Mathematics,C-8.1,C-8.1 Sorts objects into groups and sub-groups based on more than one property,68
Andhra Pradesh,Chittoor,Foundational Stage,Mathematics,C-8.1,C-8.1 Sorts objects into groups and sub-groups based on more than one property,67
Andhra Pradesh,East Godavari,Foundational Stage,Mathematics,C-8.1,C-8.1 Sorts objects into groups and sub-groups based on more than one property,65
Andhra Pradesh,Eluru,Foundational Stage,Mathematics,C-8.1,C-8.1 Sorts objects into groups and sub-groups based on more than one property,64
Andhra Pradesh,Guntur,Foundational Stage,Mathematics,C-8.1,C-8.1 Sorts objects into groups and sub-groups based on more than one property,65
Andhra Pradesh,Kakinada,Foundational Stage,Mathematics,C-8.1,C-8.1 Sorts objects into groups and sub-groups based on more than one property,60
Andhra Pradesh,Konaseema,Foundational Stage,Mathematics,C-8.1,C-8.1 Sorts objects into groups and sub-groups based on more than one property,69
Andhra Pradesh,Krishna,Foundational Stage,Mathematics,C-8.1,C-8.1 Sorts objects into groups and sub-groups based on more than one property,72
Andhra Pradesh,Kurnool,Foundational Stage,Mathematics,C-8.1,C-8.1 Sorts objects into groups and sub-groups based on more than one property,61
Andhra Pradesh,Nandyal,Foundational Stage,Mathematics,C-8.1,C-8.1 Sorts objects into groups and sub-groups based on more than one property,75
Andhra Pradesh,Ntr,Foundational Stage,Mathematics,C-8.1,C-8.1 Sorts objects into groups and sub-groups based on more than one property,68
Andhra Pradesh,Palnadu,Foundational Stage,Mathematics,C-8.1,C-8.1 Sorts objects into groups and sub-groups based on more than one property,74
Andhra Pradesh,Parvathipuram Manyam,Foundational Stage,Mathematics,C-8.1,C-8.1 Sorts objects into groups and sub-groups based on more than one property,69
Andhra Pradesh,Prakasam,Foundational Stage,Mathematics,C-8.1,C-8.1 Sorts objects into groups and sub-groups based on more than one property,63
Andhra Pradesh,Spsr Nellore,Foundational Stage,Mathematics,C-8.1,C-8.1 Sorts objects into groups and sub-groups based on more than one property,70
Andhra Pradesh,Sri Sathya Sai,Foundational Stage,Mathematics,C-8.1,C-8.1 Sorts objects into groups and sub-groups based on more than one property,65
Andhra Pradesh,Srikakulam,Foundational Stage,Mathematics,C-8.1,C-8.1 Sorts objects into groups and sub-groups based on more than one property,62
Andhra Pradesh,State,Foundational Stage,Mathematics,C-8.1,C-8.1 Sorts objects into groups and sub-groups based on more than one property,67
Andhra Pradesh,Tirupati,Foundational Stage,Mathematics,C-8.1,C-8.1 Sorts objects into groups and sub-groups based on more than one property,67
Andhra Pradesh,Visakhapatanam,Foundational Stage,Mathematics,C-8.1,C-8.1 Sorts objects into groups and sub-groups based on more than one property,75
Andhra Pradesh,Vizianagaram,Foundational Stage,Mathematics,C-8.1,C-8.1 Sorts objects into groups and sub-groups based on more than one property,69
Andhra Pradesh,West Godavari,Foundational Stage,Mathematics,C-8.1,C-8.1 Sorts objects into groups and sub-groups based on more than one property,70
Andhra Pradesh,Y.S.R.,Foundational Stage,Mathematics,C-8.1,C-8.1 Sorts objects into groups and sub-groups based on more than one property,66
Andhra Pradesh,State,Foundational Stage,Mathematics,C-8.10,C-8.10,61
Andhra Pradesh,State,Foundational Stage,Mathematics,C-8.11,C-8.11,52
Andhra Pradesh,State,Foundational Stage,Mathematics,C-8.12,C-8.12,55
Andhra Pradesh,State,Foundational Stage,Mathematics,C-8.13,C-8.13,55
Andhra Pradesh,State,Foundational Stage,Mathematics,C-8.2,C-8.2,73
Andhra Pradesh,State,Foundational Stage,Mathematics,C-8.4,C-8.4,55
Andhra Pradesh,State,Foundational Stage,Mathematics,C-8.5,C-8.5,62
Andhra Pradesh,State,Foundational Stage,Mathematics,C-8.6,C-8.6,59
Andhra Pradesh,State,Foundational Stage,Mathematics,C-8.7,C-8.7,56
Andhra Pradesh,State,Foundational Stage,Mathematics,C-8.8,C-8.8,52
Andhra Pradesh,State,Foundational Stage,Mathematics,C-8.9,C-8.9,63
Andhra Pradesh,State,Middle Stage,Language,C-1.1,"C-1.1 Identifies main points and summarises from a careful listening or reading of the text (news articles, reports, editorials)",50
Andhra Pradesh,State,Middle Stage,Mathematics,C-1.2,"C-1.2 Discovers, identifies, and explores patterns in numbers and describes rules for their formation (e.g., multiples of 7, powers of 3, prime numbers), and explains relations between different patterns",38
Andhra Pradesh,State,Middle Stage,Mathematics,C-1.4,C-1.4,30
Andhra Pradesh,State,Middle Stage,Mathematics,C-1.5,C-1.5,25
Andhra Pradesh,State,Middle Stage,Mathematics,C-1.6,C-1.6,31
Andhra Pradesh,State,Middle Stage,Mathematics,C-2.2,C-2.2,43
Andhra Pradesh,State,Middle Stage,Mathematics,C-2.3,C-2.3,38
Andhra Pradesh,State,Middle Stage,Mathematics,C-2.5,C-2.5,37
Andhra Pradesh,State,Middle Stage,Mathematics,C-3.2,C-3.2,37
Andhra Pradesh,State,Middle Stage,Mathematics,C-3.5,C-3.5,40
Andhra Pradesh,State,Middle Stage,Mathematics,C-4.1,C-4.1,37
Andhra Pradesh,State,Middle Stage,Mathematics,C-5.1,C-5.1,39
Andhra Pradesh,State,Middle Stage,Mathematics,C-6.1,C-6.1,27
Andhra Pradesh,State,Middle Stage,Science,C-1.1,"C-1.1 Identifies main points and summarises from a careful listening or reading of the text (news articles, reports, editorials)",33
Andhra Pradesh,State,Middle Stage,Science,C-1.2,"C-1.2 Discovers, identifies, and explores patterns in numbers and describes rules for their formation (e.g., multiples of 7, powers of 3, prime numbers), and explains relations between different patterns",35
Andhra Pradesh,State,Middle Stage,Science,C-1.4,C-1.4,33
Andhra Pradesh,State,Middle Stage,Science,C-2.1,C-2.1,39
Andhra Pradesh,State,Middle Stage,Science,C-2.2,C-2.2,30
Andhra Pradesh,State,Middle Stage,Science,C-2.3,C-2.3,36
Andhra Pradesh,State,Middle Stage,Science,C-2.4,C-2.4,45
Andhra Pradesh,State,Middle Stage,Science,C-3.1,C-3.1,37
Andhra Pradesh,State,Middle Stage,Science,C-3.2,C-3.2,32
Andhra Pradesh,State,Middle Stage,Science,C-4.1,C-4.1,46
Andhra Pradesh,State,Middle Stage,Science,C-4.2,C-4.2,40
Andhra Pradesh,State,Middle Stage,Science,C-4.3,C-4.3,32
Andhra Pradesh,State,Middle Stage,Science,C-6.1,C-6.1,33
Andhra Pradesh,State,Middle Stage,Science,C-6.2,C-6.2,36
Andhra Pradesh,State,Middle Stage,Science,C-6.3,C-6.3,43
Andhra Pradesh,State,Middle Stage,Science,C-6.4,C-6.4,34
Andhra Pradesh,State,Middle Stage,Science,C-7.1,C-7.1,32
Andhra Pradesh,State,Middle Stage,Science,C-7.2,C-7.2,31
Andhra Pradesh,State,Middle Stage,Science,C-7.3,C-7.3,36
Andhra Pradesh,State,Middle Stage,Science,C-8.2,C-8.2,42
Andhra Pradesh,State,Middle Stage,Science,C-8.3,C-8.3,38
Andhra Pradesh,State,Middle Stage,Science,C-9.1,C-9.1,43
Andhra Pradesh,State,Preparatory Stage,Language,C-2.1,"C-2.1 Applies varied comprehension strategies (inferring, predicting, visualising) to understand different texts",47
Andhra Pradesh,State,Preparatory Stage,Language,C-2.2,C-2.2,49
Andhra Pradesh,State,Preparatory Stage,Mathematics,C-1.1,"C-1.1 Represents numbers using the place value structure of the Indian number system, compares whole numbers, and knows and can read the names of very large numbers",52
Andhra Pradesh,State,Preparatory Stage,Mathematics,C-1.2,C-1.2,26
Andhra Pradesh,State,Preparatory Stage,Mathematics,C-1.3,C-1.3,48
Andhra Pradesh,State,Preparatory Stage,Mathematics,C-1.4,C-1.4,43
Andhra Pradesh,State,Preparatory Stage,Mathematics,C-2.2,C-2.2,37
Andhra Pradesh,State,Preparatory Stage,Mathematics,C-2.4,C-2.4,44
Andhra Pradesh,State,Preparatory Stage,Mathematics,C-3.3,C-3.3,33
Andhra Pradesh,State,Preparatory Stage,Mathematics,C-3.5,C-3.5,36
Andhra Pradesh,State,Preparatory Stage,Mathematics,C-4.1,C-4.1,33
Andhra Pradesh,State,Preparatory Stage,Mathematics,C-4.3,C-4.3,44
Andhra Pradesh,State,Preparatory Stage,World Around Us,C-1.1,"C-1.1 Represents numbers using the place value structure of the Indian number system, compares whole numbers, and knows and can read the names of very large numbers",35
Andhra Pradesh,State,Preparatory Stage,World Around Us,C-1.3,C-1.3,30
Andhra Pradesh,State,Preparatory Stage,World Around Us,C-1.4,C-1.4,44
Andhra Pradesh,State,Preparatory Stage,World Around Us,C-2.1,"C-2.1 Applies varied comprehension strategies (inferring, predicting, visualising) to understand different texts",43
Andhra Pradesh,State,Preparatory Stage,World Around Us,C-2.2,C-2.2,33
Andhra Pradesh,State,Preparatory Stage,World Around Us,C-3.1,C-3.1,43
Andhra Pradesh,State,Preparatory Stage,World Around Us,C-3.2,C-3.2,36
Andhra Pradesh,State,Preparatory Stage,World Around Us,C-4.1,C-4.1,46
Andhra Pradesh,State,Preparatory Stage,World Around Us,C-4.3,C-4.3,41
Andhra Pradesh,State,Preparatory Stage,World Around Us,C-4.7,C-4.7,42
Andhra Pradesh,State,Preparatory Stage,World Around Us,C-5.3,C-5.3,38
Chhattisgarh,Balod,Foundational Stage,Language,C-10.5,"C-10.5 Reads short stories and comprehends their meaning - by identifying characters, storyline and what the author wants to say - on their own",66
Chhattisgarh,Baloda Bazar,Foundational Stage,Language,C-10.5,"C-10.5 Reads short stories and comprehends their meaning - by identifying characters, storyline and what the author wants to say - on their own",52
Chhattisgarh,Balrampur,Foundational Stage,Language,C-10.5,"C-10.5 Reads short stories and comprehends their meaning - by identifying characters, storyline and what the author wants to say - on their own",69
Chhattisgarh,Bastar,Foundational Stage,Language,C-10.5,"C-10.5 Reads short stories and comprehends their meaning - by identifying characters, storyline and what the author wants to say - on their own",58
Chhattisgarh,Bemetara,Foundational Stage,Language,C-10.5,"C-10.5 Reads short stories and comprehends their meaning - by identifying characters, storyline and what the author wants to say - on their own",56
Chhattisgarh,Bijapur,Foundational Stage,Language,C-10.5,"C-10.5 Reads short stories and comprehends their meaning - by identifying characters, storyline and what the author wants to say - on their own",68
Chhattisgarh,Bilaspur,Foundational Stage,Language,C-10.5,"C-10.5 Reads short stories and comprehends their meaning - by identifying characters, storyline and what the author wants to say - on their own",52
Chhattisgarh,Dantewada,Foundational Stage,Language,C-10.5,"C-10.5 Reads short stories and comprehends their meaning - by identifying characters, storyline and what the author wants to say - on their own",52
Chhattisgarh,Dhamtari,Foundational Stage,Language,C-10.5,"C-10.5 Reads short stories and comprehends their meaning - by identifying characters, storyline and what the author wants to say - on their own",52
Chhattisgarh,Durg,Foundational Stage,Language,C-10.5,"C-10.5 Reads short stories and comprehends their meaning - by identifying characters, storyline and what the author wants to say - on their own",59
Chhattisgarh,Gariyaband,Foundational Stage,Language,C-10.5,"C-10.5 Reads short stories and comprehends their meaning - by identifying characters, storyline and what the author wants to say - on their own",51
Chhattisgarh,Gaurella Pendra Marwahi,Foundational Stage,Language,C-10.5,"C-10.5 Reads short stories and comprehends their meaning - by identifying characters, storyline and what the author wants to say - on their own",50
Chhattisgarh,Janjgir-Champa,Foundational Stage,Language,C-10.5,"C-10.5 Reads short stories and comprehends their meaning - by identifying characters, storyline and what the author wants to say - on their own",47
Chhattisgarh,Jashpur,Foundational Stage,Language,C-10.5,"C-10.5 Reads short stories and comprehends their meaning - by identifying characters, storyline and what the author wants to say - on their own",66
Chhattisgarh,Kabirdham,Foundational Stage,Language,C-10.5,"C-10.5 Reads short stories and comprehends their meaning - by identifying characters, storyline and what the author wants to say - on their own",61
Chhattisgarh,Kanker,Foundational Stage,Language,C-10.5,"C-10.5 Reads short stories and comprehends their meaning - by identifying characters, storyline and what the author wants to say - on their own",60
Chhattisgarh,Khairgarh Chhuikhadan Gandai,Foundational Stage,Language,C-10.5,"C-10.5 Reads short stories and comprehends their meaning - by identifying characters, storyline and what the author wants to say - on their own",48
Chhattisgarh,Kondagaon,Foundational Stage,Language,C-10.5,"C-10.5 Reads short stories and comprehends their meaning - by identifying characters, storyline and what the author wants to say - on their own",46
Chhattisgarh,Korba,Foundational Stage,Language,C-10.5,"C-10.5 Reads short stories and comprehends their meaning - by identifying characters, storyline and what the author wants to say - on their own",53
Chhattisgarh,Korea,Foundational Stage,Language,C-10.5,"C-10.5 Reads short stories and comprehends their meaning - by identifying characters, storyline and what the author wants to say - on their own",64
Chhattisgarh,Mahasamund,Foundational Stage,Language,C-10.5,"C-10.5 Reads short stories and comprehends their meaning - by identifying characters, storyline and what the author wants to say - on their own",52
Chhattisgarh,Manendragarh Chirimiri Bharatpur,Foundational Stage,Language,C-10.5,"C-10.5 Reads short stories and comprehends their meaning - by identifying characters, storyline and what the author wants to say - on their own",57
Chhattisgarh,Mohla Manpur Ambagarh Chouki,Foundational Stage,Language,C-10.5,"C-10.5 Reads short stories and comprehends their meaning - by identifying characters, storyline and what the author wants to say - on their own",52
Chhattisgarh,Mungeli,Foundational Stage,Language,C-10.5,"C-10.5 Reads short stories and comprehends their meaning - by identifying characters, storyline and what the author wants to say - on their own",59
Chhattisgarh,Narayanpur,Foundational Stage,Language,C-10.5,"C-10.5 Reads short stories and comprehends their meaning - by identifying characters, storyline and what the author wants to say - on their own",44
Chhattisgarh,Raigarh,Foundational Stage,Language,C-10.5,"C-10.5 Reads short stories and comprehends their meaning - by identifying characters, storyline and what the author wants to say - on their own",64
Chhattisgarh,Raipur,Foundational Stage,Language,C-10.5,"C-10.5 Reads short stories and comprehends their meaning - by identifying characters, storyline and what the author wants to say - on their own",44
Chhattisgarh,Rajnandgaon,Foundational Stage,Language,C-10.5,"C-10.5 Reads short stories and comprehends their meaning - by identifying characters, storyline and what the author wants to say - on their own",49
Chhattisgarh,Sakti,Foundational Stage,Language,C-10.5,"C-10.5 Reads short stories and comprehends their meaning - by identifying characters, storyline and what the author wants to say - on their own",44
Chhattisgarh,Sarangarh Bilaigarh,Foundational Stage,Language,C-10.5,"C-10.5 Reads short stories and comprehends their meaning - by identifying characters, storyline and what the author wants to say - on their own",51
Chhattisgarh,State,Foundational Stage,Language,C-10.5,"C-10.5 Reads short stories and comprehends their meaning - by identifying characters, storyline and what the author wants to say - on their own",55
Chhattisgarh,Sukma,Foundational Stage,Language,C-10.5,"C-10.5 Reads short stories and comprehends their meaning - by identifying characters, storyline and what the author wants to say - on their own",41
Chhattisgarh,Surajpur,Foundational Stage,Language,C-10.5,"C-10.5 Reads short stories and comprehends their meaning - by identifying characters, storyline and what the author wants to say - on their own",63
Chhattisgarh,Surguja,Foundational Stage,Language,C-10.5,"C-10.5 Reads short stories and comprehends their meaning - by identifying characters, storyline and what the author wants to say - on their own",69
Chhattisgarh,State,Foundational Stage,Language,C-10.7,C-10.7,56
Chhattisgarh,State,Foundational Stage,Language,C-9.7,C-9.7,63
Chhattisgarh,Balod,Foundational Stage,Mathematics,C-8.1,C-8.1 Sorts objects into groups and sub-groups based on more than one property,71
Chhattisgarh,Baloda Bazar,Foundational Stage,Mathematics,C-8.1,C-8.1 Sorts objects into groups and sub-groups based on more than one property,62
Chhattisgarh,Balrampur,Foundational Stage,Mathematics,C-8.1,C-8.1 Sorts objects into groups and sub-groups based on more than one property,72
Chhattisgarh,Bastar,Foundational Stage,Mathematics,C-8.1,C-8.1 Sorts objects into groups and sub-groups based on more than one property,67
Chhattisgarh,Bemetara,Foundational Stage,Mathematics,C-8.1,C-8.1 Sorts objects into groups and sub-groups based on more than one property,64
Chhattisgarh,Bijapur,Foundational Stage,Mathematics,C-8.1,C-8.1 Sorts objects into groups and sub-groups based on more than one property,67
Chhattisgarh,Bilaspur,Foundational Stage,Mathematics,C-8.1,C-8.1 Sorts objects into groups and sub-groups based on more than one property,62
Chhattisgarh,Dantewada,Foundational Stage,Mathematics,C-8.1,C-8.1 Sorts objects into groups and sub-groups based on more than one property,67
Chhattisgarh,Dhamtari,Foundational Stage,Mathematics,C-8.1,C-8.1 Sorts objects into groups and sub-groups based on more than one property,66
Chhattisgarh,Durg,Foundational Stage,Mathematics,C-8.1,C-8.1 Sorts objects into groups and sub-groups based on more than one property,72
Chhattisgarh,Gariyaband,Foundational Stage,Mathematics,C-8.1,C-8.1 Sorts objects into groups and sub-groups based on more than one property,62
Chhattisgarh,Gaurella Pendra Marwahi,Foundational Stage,Mathematics,C-8.1,C-8.1 Sorts objects into groups and sub-groups based on more than one property,63
Chhattisgarh,Janjgir-Champa,Foundational Stage,Mathematics,C-8.1,C-8.1 Sorts objects into groups and sub-groups based on more than one property,58
Chhattisgarh,Jashpur,Foundational Stage,Mathematics,C-8.1,C-8.1 Sorts objects into groups and sub-groups based on more than one property,75
Chhattisgarh,Kabirdham,Foundational Stage,Mathematics,C-8.1,C-8.1 Sorts objects into groups and sub-groups based on more than one property,73
Chhattisgarh,Kanker,Foundational Stage,Mathematics,C-8.1,C-8.1 Sorts objects into groups and sub-groups based on more than one property,64
Chhattisgarh,Khairgarh Chhuikhadan Gandai,Foundational Stage,Mathematics,C-8.1,C-8.1 Sorts objects into groups and sub-groups based on more than one property,57
Chhattisgarh,Kondagaon,Foundational Stage,Mathematics,C-8.1,C-8.1 Sorts objects into groups and sub-groups based on more than one property,54
Chhattisgarh,Korba,Foundational Stage,Mathematics,C-8.1,C-8.1 Sorts objects into groups and sub-groups based on more than one property,60
Chhattisgarh,Korea,Foundational Stage,Mathematics,C-8.1,C-8.1 Sorts objects into groups and sub-groups based on more than one property,71
Chhattisgarh,Mahasamund,Foundational Stage,Mathematics,C-8.1,C-8.1 Sorts objects into groups and sub-groups based on more than one property,63
Chhattisgarh,Manendragarh Chirimiri Bharatpur,Foundational Stage,Mathematics,C-8.1,C-8.1 Sorts objects into groups and sub-groups based on more than one property,66
Chhattisgarh,Mohla Manpur Ambagarh Chouki,Foundational Stage,Mathematics,C-8.1,C-8.1 Sorts objects into groups and sub-groups based on more than one property,61
Chhattisgarh,Mungeli,Foundational Stage,Mathematics,C-8.1,C-8.1 Sorts objects into groups and sub-groups based on more than one property,69
Chhattisgarh,Narayanpur,Foundational Stage,Mathematics,C-8.1,C-8.1 Sorts objects into groups and sub-groups based on more than one property,54
Chhattisgarh,Raigarh,Foundational Stage,Mathematics,C-8.1,C-8.1 Sorts objects into groups and sub-groups based on more than one property,74
Chhattisgarh,Raipur,Foundational Stage,Mathematics,C-8.1,C-8.1 Sorts objects into groups and sub-groups based on more than one property,55
Chhattisgarh,Rajnandgaon,Foundational Stage,Mathematics,C-8.1,C-8.1 Sorts objects into groups and sub-groups based on more than one property,64
Chhattisgarh,Sakti,Foundational Stage,Mathematics,C-8.1,C-8.1 Sorts objects into groups and sub-groups based on more than one property,56
Chhattisgarh,Sarangarh Bilaigarh,Foundational Stage,Mathematics,C-8.1,C-8.1 Sorts objects into groups and sub-groups based on more than one property,56
Chhattisgarh,State,Foundational Stage,Mathematics,C-8.1,C-8.1 Sorts objects into groups and sub-groups based on more than one property,64
Chhattisgarh,Sukma,Foundational Stage,Mathematics,C-8.1,C-8.1 Sorts objects into groups and sub-groups based on more than one property,51
Chhattisgarh,Surajpur,Foundational Stage,Mathematics,C-8.1,C-8.1 Sorts objects into groups and sub-groups based on more than one property,72
Chhattisgarh,Surguja,Foundational Stage,Mathematics,C-8.1,C-8.1 Sorts objects into groups and sub-groups based on more than one property,74
Chhattisgarh,State,Foundational Stage,Mathematics,C-8.10,C-8.10,57
Chhattisgarh,State,Foundational Stage,Mathematics,C-8.11,C-8.11,46
Chhattisgarh,State,Foundational Stage,Mathematics,C-8.12,C-8.12,51
Chhattisgarh,State,Foundational Stage,Mathematics,C-8.13,C-8.13,52
Chhattisgarh,State,Foundational Stage,Mathematics,C-8.2,C-8.2,67
Chhattisgarh,State,Foundational Stage,Mathematics,C-8.4,C-8.4,55
Chhattisgarh,State,Foundational Stage,Mathematics,C-8.5,C-8.5,60
Chhattisgarh,State,Foundational Stage,Mathematics,C-8.6,C-8.6,54
Chhattisgarh,State,Foundational Stage,Mathematics,C-8.7,C-8.7,51
Chhattisgarh,State,Foundational Stage,Mathematics,C-8.8,C-8.8,47
Chhattisgarh,State,Foundational Stage,Mathematics,C-8.9,C-8.9,61
Chhattisgarh,State,Middle Stage,Language,C-1.1,"C-1.1 Identifies main points and summarises from a careful listening or reading of the text (news articles, reports, editorials)",53
Chhattisgarh,State,Middle Stage,Mathematics,C-1.2,"C-1.2 Discovers, identifies, and explores patterns in numbers and describes rules for their formation (e.g., multiples of 7, powers of 3, prime numbers), and explains relations between different patterns",38
Chhattisgarh,State,Middle Stage,Mathematics,C-1.4,C-1.4,28
Chhattisgarh,State,Middle Stage,Mathematics,C-1.5,C-1.5,26
Chhattisgarh,State,Middle Stage,Mathematics,C-1.6,C-1.6,29
Chhattisgarh,State,Middle Stage,Mathematics,C-2.2,C-2.2,41
Chhattisgarh,State,Middle Stage,Mathematics,C-2.3,C-2.3,35
Chhattisgarh,State,Middle Stage,Mathematics,C-2.5,C-2.5,35
Chhattisgarh,State,Middle Stage,Mathematics,C-3.2,C-3.2,36
Chhattisgarh,State,Middle Stage,Mathematics,C-3.5,C-3.5,38
Chhattisgarh,State,Middle Stage,Mathematics,C-4.1,C-4.1,36
Chhattisgarh,State,Middle Stage,Mathematics,C-5.1,C-5.1,44
Chhattisgarh,State,Middle Stage,Mathematics,C-6.1,C-6.1,25
Chhattisgarh,State,Middle Stage,Science,C-1.1,"C-1.1 Identifies main points and summarises from a careful listening or reading of the text (news articles, reports, editorials)",38
Chhattisgarh,State,Middle Stage,Science,C-1.2,"C-1.2 Discovers, identifies, and explores patterns in numbers and describes rules for their formation (e.g., multiples of 7, powers of 3, prime numbers), and explains relations between different patterns",37
Chhattisgarh,State,Middle Stage,Science,C-1.4,C-1.4,37
Chhattisgarh,State,Middle Stage,Science,C-2.1,C-2.1,39
Chhattisgarh,State,Middle Stage,Science,C-2.2,C-2.2,30
Chhattisgarh,State,Middle Stage,Science,C-2.3,C-2.3,38
Chhattisgarh,State,Middle Stage,Science,C-2.4,C-2.4,44
Chhattisgarh,State,Middle Stage,Science,C-3.1,C-3.1,48
Chhattisgarh,State,Middle Stage,Science,C-3.2,C-3.2,33
Chhattisgarh,State,Middle Stage,Science,C-4.1,C-4.1,55
Chhattisgarh,State,Middle Stage,Science,C-4.2,C-4.2,45
Chhattisgarh,State,Middle Stage,Science,C-4.3,C-4.3,37
Chhattisgarh,State,Middle Stage,Science,C-6.1,C-6.1,29
Chhattisgarh,State,Middle Stage,Science,C-6.2,C-6.2,37
Chhattisgarh,State,Middle Stage,Science,C-6.3,C-6.3,46
Chhattisgarh,State,Middle Stage,Science,C-6.4,C-6.4,39
Chhattisgarh,State,Middle Stage,Science,C-7.1,C-7.1,34
Chhattisgarh,State,Middle Stage,Science,C-7.2,C-7.2,34
Chhattisgarh,State,Middle Stage,Science,C-7.3,C-7.3,39
Chhattisgarh,State,Middle Stage,Science,C-8.2,C-8.2,45
Chhattisgarh,State,Middle Stage,Science,C-8.3,C-8.3,41
Chhattisgarh,State,Middle Stage,Science,C-9.1,C-9.1,50
Chhattisgarh,State,Preparatory Stage,Language,C-2.1,"C-2.1 Applies varied comprehension strategies (inferring, predicting, visualising) to understand different texts",53
Chhattisgarh,State,Preparatory Stage,Language,C-2.2,C-2.2,55
Chhattisgarh,State,Preparatory Stage,Mathematics,C-1.1,"C-1.1 Represents numbers using the place value structure of the Indian number system, compares whole numbers, and knows and can read the names of very large numbers",50
Chhattisgarh,State,Preparatory Stage,Mathematics,C-1.2,C-1.2,24
Chhattisgarh,State,Preparatory Stage,Mathematics,C-1.3,C-1.3,49
Chhattisgarh,State,Preparatory Stage,Mathematics,C-1.4,C-1.4,46
Chhattisgarh,State,Preparatory Stage,Mathematics,C-2.2,C-2.2,40
Chhattisgarh,State,Preparatory Stage,Mathematics,C-2.4,C-2.4,42
Chhattisgarh,State,Preparatory Stage,Mathematics,C-3.3,C-3.3,35
Chhattisgarh,State,Preparatory Stage,Mathematics,C-3.5,C-3.5,38
Chhattisgarh,State,Preparatory Stage,Mathematics,C-4.1,C-4.1,35
Chhattisgarh,State,Preparatory Stage,Mathematics,C-4.3,C-4.3,44
Chhattisgarh,State,Preparatory Stage,World Around Us,C-1.1,"C-1.1 Represents numbers using the place value structure of the Indian number system, compares whole numbers, and knows and can read the names of very large numbers",43
Chhattisgarh,State,Preparatory Stage,World Around Us,C-1.3,C-1.3,36
Chhattisgarh,State,Preparatory Stage,World Around Us,C-1.4,C-1.4,53
Chhattisgarh,State,Preparatory Stage,World Around Us,C-2.1,"C-2.1 Applies varied comprehension strategies (inferring, predicting, visualising) to understand different texts",48
Chhattisgarh,State,Preparatory Stage,World Around Us,C-2.2,C-2.2,36
Chhattisgarh,State,Preparatory Stage,World Around Us,C-3.1,C-3.1,55
Chhattisgarh,State,Preparatory Stage,World Around Us,C-3.2,C-3.2,44
Chhattisgarh,State,Preparatory Stage,World Around Us,C-4.1,C-4.1,51
Chhattisgarh,State,Preparatory Stage,World Around Us,C-4.3,C-4.3,50
Chhattisgarh,State,Preparatory Stage,World Around Us,C-4.7,C-4.7,48
Chhattisgarh,State,Preparatory Stage,World Around Us,C-5.3,C-5.3,43
Jammu & Kashmir,Anantnag,Foundational Stage,Language,C-10.5,"C-10.5 Reads short stories and comprehends their meaning - by identifying characters, storyline and what the author wants to say - on their own",54
Jammu & Kashmir,Bandipora,Foundational Stage,Language,C-10.5,"C-10.5 Reads short stories and comprehends their meaning - by identifying characters, storyline and what the author wants to say - on their own",38
Jammu & Kashmir,Baramulla,Foundational Stage,Language,C-10.5,"C-10.5 Reads short stories and comprehends their meaning - by identifying characters, storyline and what the author wants to say - on their own",50
Jammu & Kashmir,Budgam,Foundational Stage,Language,C-10.5,"C-10.5 Reads short stories and comprehends their meaning - by identifying characters, storyline and what the author wants to say - on their own",54
Jammu & Kashmir,Doda,Foundational Stage,Language,C-10.5,"C-10.5 Reads short stories and comprehends their meaning - by identifying characters, storyline and what the author wants to say - on their own",55
Jammu & Kashmir,Ganderbal,Foundational Stage,Language,C-10.5,"C-10.5 Reads short stories and comprehends their meaning - by identifying characters, storyline and what the author wants to say - on their own",56
Jammu & Kashmir,Jammu,Foundational Stage,Language,C-10.5,"C-10.5 Reads short stories and comprehends their meaning - by identifying characters, storyline and what the author wants to say - on their own",53
Jammu & Kashmir,Kathua,Foundational Stage,Language,C-10.5,"C-10.5 Reads short stories and comprehends their meaning - by identifying characters, storyline and what the author wants to say - on their own",51
Jammu & Kashmir,Kishtwar,Foundational Stage,Language,C-10.5,"C-10.5 Reads short stories and comprehends their meaning - by identifying characters, storyline and what the author wants to say - on their own",62
Jammu & Kashmir,Kulgam,Foundational Stage,Language,C-10.5,"C-10.5 Reads short stories and comprehends their meaning - by identifying characters, storyline and what the author wants to say - on their own",58
Jammu & Kashmir,Kupwara,Foundational Stage,Language,C-10.5,"C-10.5 Reads short stories and comprehends their meaning - by identifying characters, storyline and what the author wants to say - on their own",45
Jammu & Kashmir,Poonch,Foundational Stage,Language,C-10.5,"C-10.5 Reads short stories and comprehends their meaning - by identifying characters, storyline and what the author wants to say - on their own",59
Jammu & Kashmir,Pulwama,Foundational Stage,Language,C-10.5,"C-10.5 Reads short stories and comprehends their meaning - by identifying characters, storyline and what the author wants to say - on their own",62
Jammu & Kashmir,Rajouri,Foundational Stage,Language,C-10.5,"C-10.5 Reads short stories and comprehends their meaning - by identifying characters, storyline and what the author wants to say - on their own",35
Jammu & Kashmir,Ramban,Foundational Stage,Language,C-10.5,"C-10.5 Reads short stories and comprehends their meaning - by identifying characters, storyline and what the author wants to say - on their own",49
Jammu & Kashmir,Reasi,Foundational Stage,Language,C-10.5,"C-10.5 Reads short stories and comprehends their meaning - by identifying characters, storyline and what the author wants to say - on their own",36
Jammu & Kashmir,Samba,Foundational Stage,Language,C-10.5,"C-10.5 Reads short stories and comprehends their meaning - by identifying characters, storyline and what the author wants to say - on their own",46
Jammu & Kashmir,Shopian,Foundational Stage,Language,C-10.5,"C-10.5 Reads short stories and comprehends their meaning - by identifying characters, storyline and what the author wants to say - on their own",54
Jammu & Kashmir,Srinagar,Foundational Stage,Language,C-10.5,"C-10.5 Reads short stories and comprehends their meaning - by identifying characters, storyline and what the author wants to say - on their own",61
Jammu & Kashmir,State,Foundational Stage,Language,C-10.5,"C-10.5 Reads short stories and comprehends their meaning - by identifying characters, storyline and what the author wants to say - on their own",51
Jammu & Kashmir,Udhampur,Foundational Stage,Language,C-10.5,"C-10.5 Reads short stories and comprehends their meaning - by identifying characters, storyline and what the author wants to say - on their own",40
Jammu & Kashmir,State,Foundational Stage,Language,C-10.7,C-10.7,54
Jammu & Kashmir,State,Foundational Stage,Language,C-9.7,C-9.7,62
Jammu & Kashmir,Anantnag,Foundational Stage,Mathematics,C-8.1,C-8.1 Sorts objects into groups and sub-groups based on more than one property,61
Jammu & Kashmir,Bandipora,Foundational Stage,Mathematics,C-8.1,C-8.1 Sorts objects into groups and sub-groups based on more than one property,55
Jammu & Kashmir,Baramulla,Foundational Stage,Mathematics,C-8.1,C-8.1 Sorts objects into groups and sub-groups based on more than one property,62
Jammu & Kashmir,Budgam,Foundational Stage,Mathematics,C-8.1,C-8.1 Sorts objects into groups and sub-groups based on more than one property,71
Jammu & Kashmir,Doda,Foundational Stage,Mathematics,C-8.1,C-8.1 Sorts objects into groups and sub-groups based on more than one property,67
Jammu & Kashmir,Ganderbal,Foundational Stage,Mathematics,C-8.1,C-8.1 Sorts objects into groups and sub-groups based on more than one property,72
Jammu & Kashmir,Jammu,Foundational Stage,Mathematics,C-8.1,C-8.1 Sorts objects into groups and sub-groups based on more than one property,70
Jammu & Kashmir,Kathua,Foundational Stage,Mathematics,C-8.1,C-8.1 Sorts objects into groups and sub-groups based on more than one property,69
Jammu & Kashmir,Kishtwar,Foundational Stage,Mathematics,C-8.1,C-8.1 Sorts objects into groups and sub-groups based on more than one property,72
Jammu & Kashmir,Kulgam,Foundational Stage,Mathematics,C-8.1,C-8.1 Sorts objects into groups and sub-groups based on more than one property,69
Jammu & Kashmir,Kupwara,Foundational Stage,Mathematics,C-8.1,C-8.1 Sorts objects into groups and sub-groups based on more than one property,59
Jammu & Kashmir,Poonch,Foundational Stage,Mathematics,C-8.1,C-8.1 Sorts objects into groups and sub-groups based on more than one property,69
Jammu & Kashmir,Pulwama,Foundational Stage,Mathematics,C-8.1,C-8.1 Sorts objects into groups and sub-groups based on more than one property,76
Jammu & Kashmir,Rajouri,Foundational Stage,Mathematics,C-8.1,C-8.1 Sorts objects into groups and sub-groups based on more than one property,52
Jammu & Kashmir,Ramban,Foundational Stage,Mathematics,C-8.1,C-8.1 Sorts objects into groups and sub-groups based on more than one property,61
Jammu & Kashmir,Reasi,Foundational Stage,Mathematics,C-8.1,C-8.1 Sorts objects into groups and sub-groups based on more than one property,51
Jammu & Kashmir,Samba,Foundational Stage,Mathematics,C-8.1,C-8.1 Sorts objects into groups and sub-groups based on more than one property,59
Jammu & Kashmir,Shopian,Foundational Stage,Mathematics,C-8.1,C-8.1 Sorts objects into groups and sub-groups based on more than one property,67
Jammu & Kashmir,Srinagar,Foundational Stage,Mathematics,C-8.1,C-8.1 Sorts objects into groups and sub-groups based on more than one property,69
Jammu & Kashmir,State,Foundational Stage,Mathematics,C-8.1,C-8.1 Sorts objects into groups and sub-groups based on more than one property,64
Jammu & Kashmir,Udhampur,Foundational Stage,Mathematics,C-8.1,C-8.1 Sorts objects into groups and sub-groups based on more than one property,56
Jammu & Kashmir,State,Foundational Stage,Mathematics,C-8.10,C-8.10,53
Jammu & Kashmir,State,Foundational Stage,Mathematics,C-8.11,C-8.11,44
Jammu & Kashmir,State,Foundational Stage,Mathematics,C-8.12,C-8.12,48
Jammu & Kashmir,State,Foundational Stage,Mathematics,C-8.13,C-8.13,50
Jammu & Kashmir,State,Foundational Stage,Mathematics,C-8.2,C-8.2,62
Jammu & Kashmir,State,Foundational Stage,Mathematics,C-8.4,C-8.4,50
Jammu & Kashmir,State,Foundational Stage,Mathematics,C-8.5,C-8.5,54
Jammu & Kashmir,State,Foundational Stage,Mathematics,C-8.6,C-8.6,51
Jammu & Kashmir,State,Foundational Stage,Mathematics,C-8.7,C-8.7,47
Jammu & Kashmir,State,Foundational Stage,Mathematics,C-8.8,C-8.8,47
Jammu & Kashmir,State,Foundational Stage,Mathematics,C-8.9,C-8.9,55
Jammu & Kashmir,State,Middle Stage,Language,C-1.1,"C-1.1 Identifies main points and summarises from a careful listening or reading of the text (news articles, reports, editorials)",50
Jammu & Kashmir,State,Middle Stage,Mathematics,C-1.2,"C-1.2 Discovers, identifies, and explores patterns in numbers and describes rules for their formation (e.g., multiples of 7, powers of 3, prime numbers), and explains relations between different patterns",34
Jammu & Kashmir,State,Middle Stage,Mathematics,C-1.4,C-1.4,28
Jammu & Kashmir,State,Middle Stage,Mathematics,C-1.5,C-1.5,22
Jammu & Kashmir,State,Middle Stage,Mathematics,C-1.6,C-1.6,26
Jammu & Kashmir,State,Middle Stage,Mathematics,C-2.2,C-2.2,39
Jammu & Kashmir,State,Middle Stage,Mathematics,C-2.3,C-2.3,33
Jammu & Kashmir,State,Middle Stage,Mathematics,C-2.5,C-2.5,33
Jammu & Kashmir,State,Middle Stage,Mathematics,C-3.2,C-3.2,31
Jammu & Kashmir,State,Middle Stage,Mathematics,C-3.5,C-3.5,36
Jammu & Kashmir,State,Middle Stage,Mathematics,C-4.1,C-4.1,36
Jammu & Kashmir,State,Middle Stage,Mathematics,C-5.1,C-5.1,36
Jammu & Kashmir,State,Middle Stage,Mathematics,C-6.1,C-6.1,25
Jammu & Kashmir,State,Middle Stage,Science,C-1.1,"C-1.1 Identifies main points and summarises from a careful listening or reading of the text (news articles, reports, editorials)",27
Jammu & Kashmir,State,Middle Stage,Science,C-1.2,"C-1.2 Discovers, identifies, and explores patterns in numbers and describes rules for their formation (e.g., multiples of 7, powers of 3, prime numbers), and explains relations between different patterns",37
Jammu & Kashmir,State,Middle Stage,Science,C-1.4,C-1.4,33
Jammu & Kashmir,State,Middle Stage,Science,C-2.1,C-2.1,39
Jammu & Kashmir,State,Middle Stage,Science,C-2.2,C-2.2,32
Jammu & Kashmir,State,Middle Stage,Science,C-2.3,C-2.3,36
Jammu & Kashmir,State,Middle Stage,Science,C-2.4,C-2.4,47
Jammu & Kashmir,State,Middle Stage,Science,C-3.1,C-3.1,44
Jammu & Kashmir,State,Middle Stage,Science,C-3.2,C-3.2,33
Jammu & Kashmir,State,Middle Stage,Science,C-4.1,C-4.1,52
Jammu & Kashmir,State,Middle Stage,Science,C-4.2,C-4.2,42
Jammu & Kashmir,State,Middle Stage,Science,C-4.3,C-4.3,34
Jammu & Kashmir,State,Middle Stage,Science,C-6.1,C-6.1,33
Jammu & Kashmir,State,Middle Stage,Science,C-6.2,C-6.2,34
Jammu & Kashmir,State,Middle Stage,Science,C-6.3,C-6.3,44
Jammu & Kashmir,State,Middle Stage,Science,C-6.4,C-6.4,39
Jammu & Kashmir,State,Middle Stage,Science,C-7.1,C-7.1,29
Jammu & Kashmir,State,Middle Stage,Science,C-7.2,C-7.2,36
Jammu & Kashmir,State,Middle Stage,Science,C-7.3,C-7.3,37
Jammu & Kashmir,State,Middle Stage,Science,C-8.2,C-8.2,43
Jammu & Kashmir,State,Middle Stage,Science,C-8.3,C-8.3,30
Jammu & Kashmir,State,Middle Stage,Science,C-9.1,C-9.1,39
Jammu & Kashmir,State,Preparatory Stage,Language,C-2.1,"C-2.1 Applies varied comprehension strategies (inferring, predicting, visualising) to understand different texts",45
Jammu & Kashmir,State,Preparatory Stage,Language,C-2.2,C-2.2,47
Jammu & Kashmir,State,Preparatory Stage,Mathematics,C-1.1,"C-1.1 Represents numbers using the place value structure of the Indian number system, compares whole numbers, and knows and can read the names of very large numbers",42
Jammu & Kashmir,State,Preparatory Stage,Mathematics,C-1.2,C-1.2,22
Jammu & Kashmir,State,Preparatory Stage,Mathematics,C-1.3,C-1.3,47
Jammu & Kashmir,State,Preparatory Stage,Mathematics,C-1.4,C-1.4,41
Jammu & Kashmir,State,Preparatory Stage,Mathematics,C-2.2,C-2.2,36
Jammu & Kashmir,State,Preparatory Stage,Mathematics,C-2.4,C-2.4,46
Jammu & Kashmir,State,Preparatory Stage,Mathematics,C-3.3,C-3.3,30
Jammu & Kashmir,State,Preparatory Stage,Mathematics,C-3.5,C-3.5,35
Jammu & Kashmir,State,Preparatory Stage,Mathematics,C-4.1,C-4.1,30
Jammu & Kashmir,State,Preparatory Stage,Mathematics,C-4.3,C-4.3,40
Jammu & Kashmir,State,Preparatory Stage,World Around Us,C-1.1,"C-1.1 Represents numbers using the place value structure of the Indian number system, compares whole numbers, and knows and can read the names of very large numbers",38
Jammu & Kashmir,State,Preparatory Stage,World Around Us,C-1.3,C-1.3,32
Jammu & Kashmir,State,Preparatory Stage,World Around Us,C-1.4,C-1.4,47
Jammu & Kashmir,State,Preparatory Stage,World Around Us,C-2.1,"C-2.1 Applies varied comprehension strategies (inferring, predicting, visualising) to understand different texts",45
Jammu & Kashmir,State,Preparatory Stage,World Around Us,C-2.2,C-2.2,34
Jammu & Kashmir,State,Preparatory Stage,World Around Us,C-3.1,C-3.1,46
Jammu & Kashmir,State,Preparatory Stage,World Around Us,C-3.2,C-3.2,35
Jammu & Kashmir,State,Preparatory Stage,World Around Us,C-4.1,C-4.1,46
Jammu & Kashmir,State,Preparatory Stage,World Around Us,C-4.3,C-4.3,43
Jammu & Kashmir,State,Preparatory Stage,World Around Us,C-4.7,C-4.7,40
Jammu & Kashmir,State,Preparatory Stage,World Around Us,C-5.3,C-5.3,40
Jharkhand,Bokaro,Foundational Stage,Language,C-10.5,"C-10.5 Reads short stories and comprehends their meaning - by identifying characters, storyline and what the author wants to say - on their own",59
Jharkhand,Chatra,Foundational Stage,Language,C-10.5,"C-10.5 Reads short stories and comprehends their meaning - by identifying characters, storyline and what the author wants to say - on their own",50
Jharkhand,Deoghar,Foundational Stage,Language,C-10.5,"C-10.5 Reads short stories and comprehends their meaning - by identifying characters, storyline and what the author wants to say - on their own",59
Jharkhand,Dhanbad,Foundational Stage,Language,C-10.5,"C-10.5 Reads short stories and comprehends their meaning - by identifying characters, storyline and what the author wants to say - on their own",58
Jharkhand,Dumka,Foundational Stage,Language,C-10.5,"C-10.5 Reads short stories and comprehends their meaning - by identifying characters, storyline and what the author wants to say - on their own",54
Jharkhand,East Singhbum,Foundational Stage,Language,C-10.5,"C-10.5 Reads short stories and comprehends their meaning - by identifying characters, storyline and what the author wants to say - on their own",54
Jharkhand,Garhwa,Foundational Stage,Language,C-10.5,"C-10.5 Reads short stories and comprehends their meaning - by identifying characters, storyline and what the author wants to say - on their own",50
Jharkhand,Giridih,Foundational Stage,Language,C-10.5,"C-10.5 Reads short stories and comprehends their meaning - by identifying characters, storyline and what the author wants to say - on their own",52
Jharkhand,Godda,Foundational Stage,Language,C-10.5,"C-10.5 Reads short stories and comprehends their meaning - by identifying characters, storyline and what the author wants to say - on their own",49
Jharkhand,Gumla,Foundational Stage,Language,C-10.5,"C-10.5 Reads short stories and comprehends their meaning - by identifying characters, storyline and what the author wants to say - on their own",45
Jharkhand,Hazaribagh,Foundational Stage,Language,C-10.5,"C-10.5 Reads short stories and comprehends their meaning - by identifying characters, storyline and what the author wants to say - on their own",48
Jharkhand,Jamtara,Foundational Stage,Language,C-10.5,"C-10.5 Reads short stories and comprehends their meaning - by identifying characters, storyline and what the author wants to say - on their own",51
Jharkhand,Khunti,Foundational Stage,Language,C-10.5,"C-10.5 Reads short stories and comprehends their meaning - by identifying characters, storyline and what the author wants to say - on their own",57
Jharkhand,Koderma,Foundational Stage,Language,C-10.5,"C-10.5 Reads short stories and comprehends their meaning - by identifying characters, storyline and what the author wants to say - on their own",52
Jharkhand,Latehar,Foundational Stage,Language,C-10.5,"C-10.5 Reads short stories and comprehends their meaning - by identifying characters, storyline and what the author wants to say - on their own",44
Jharkhand,Lohardaga,Foundational Stage,Language,C-10.5,"C-10.5 Reads short stories and comprehends their meaning - by identifying characters, storyline and what the author wants to say - on their own",47
Jharkhand,Pakur,Foundational Stage,Language,C-10.5,"C-10.5 Reads short stories and comprehends their meaning - by identifying characters, storyline and what the author wants to say - on their own",43
Jharkhand,Palamu,Foundational Stage,Language,C-10.5,"C-10.5 Reads short stories and comprehends their meaning - by identifying characters, storyline and what the author wants to say - on their own",47
Jharkhand,Ramgarh,Foundational Stage,Language,C-10.5,"C-10.5 Reads short stories and comprehends their meaning - by identifying characters, storyline and what the author wants to say - on their own",51
Jharkhand,Ranchi,Foundational Stage,Language,C-10.5,"C-10.5 Reads short stories and comprehends their meaning - by identifying characters, storyline and what the author wants to say - on their own",51
Jharkhand,Sahebganj,Foundational Stage,Language,C-10.5,"C-10.5 Reads short stories and comprehends their meaning - by identifying characters, storyline and what the author wants to say - on their own",36
Jharkhand,Saraikela Kharsawan,Foundational Stage,Language,C-10.5,"C-10.5 Reads short stories and comprehends their meaning - by identifying characters, storyline and what the author wants to say - on their own",52
Jharkhand,Simdega,Foundational Stage,Language,C-10.5,"C-10.5 Reads short stories and comprehends their meaning - by identifying characters, storyline and what the author wants to say - on their own",52
Jharkhand,State,Foundational Stage,Language,C-10.5,"C-10.5 Reads short stories and comprehends their meaning - by identifying characters, storyline and what the author wants to say - on their own",50
Jharkhand,West Singhbhum,Foundational Stage,Language,C-10.5,"C-10.5 Reads short stories and comprehends their meaning - by identifying characters, storyline and what the author wants to say - on their own",48
Jharkhand,State,Foundational Stage,Language,C-10.7,C-10.7,53
Jharkhand,State,Foundational Stage,Language,C-9.7,C-9.7,58
Jharkhand,Bokaro,Foundational Stage,Mathematics,C-8.1,C-8.1 Sorts objects into groups and sub-groups based on more than one property,70
Jharkhand,Chatra,Foundational Stage,Mathematics,C-8.1,C-8.1 Sorts objects into groups and sub-groups based on more than one property,56
Jharkhand,Deoghar,Foundational Stage,Mathematics,C-8.1,C-8.1 Sorts objects into groups and sub-groups based on more than one property,67
Jharkhand,Dhanbad,Foundational Stage,Mathematics,C-8.1,C-8.1 Sorts objects into groups and sub-groups based on more than one property,65
Jharkhand,Dumka,Foundational Stage,Mathematics,C-8.1,C-8.1 Sorts objects into groups and sub-groups based on more than one property,61
Jharkhand,East Singhbum,Foundational Stage,Mathematics,C-8.1,C-8.1 Sorts objects into groups and sub-groups based on more than one property,67
Jharkhand,Garhwa,Foundational Stage,Mathematics,C-8.1,C-8.1 Sorts objects into groups and sub-groups based on more than one property,58
Jharkhand,Giridih,Foundational Stage,Mathematics,C-8.1,C-8.1 Sorts objects into groups and sub-groups based on more than one property,59
Jharkhand,Godda,Foundational Stage,Mathematics,C-8.1,C-8.1 Sorts objects into groups and sub-groups based on more than one property,54
Jharkhand,Gumla,Foundational Stage,Mathematics,C-8.1,C-8.1 Sorts objects into groups and sub-groups based on more than one property,56
Jharkhand,Hazaribagh,Foundational Stage,Mathematics,C-8.1,C-8.1 Sorts objects into groups and sub-groups based on more than one property,59
Jharkhand,Jamtara,Foundational Stage,Mathematics,C-8.1,C-8.1 Sorts objects into groups and sub-groups based on more than one property,62
Jharkhand,Khunti,Foundational Stage,Mathematics,C-8.1,C-8.1 Sorts objects into groups and sub-groups based on more than one property,63
Jharkhand,Koderma,Foundational Stage,Mathematics,C-8.1,C-8.1 Sorts objects into groups and sub-groups based on more than one property,61
Jharkhand,Latehar,Foundational Stage,Mathematics,C-8.1,C-8.1 Sorts objects into groups and sub-groups based on more than one property,50
Jharkhand,Lohardaga,Foundational Stage,Mathematics,C-8.1,C-8.1 Sorts objects into groups and sub-groups based on more than one property,61
Jharkhand,Pakur,Foundational Stage,Mathematics,C-8.1,C-8.1 Sorts objects into groups and sub-groups based on more than one property,50
Jharkhand,Palamu,Foundational Stage,Mathematics,C-8.1,C-8.1 Sorts objects into groups and sub-groups based on more than one property,57
Jharkhand,Ramgarh,Foundational Stage,Mathematics,C-8.1,C-8.1 Sorts objects into groups and sub-groups based on more than one property,67
Jharkhand,Ranchi,Foundational Stage,Mathematics,C-8.1,C-8.1 Sorts objects into groups and sub-groups based on more than one property,62
Jharkhand,Sahebganj,Foundational Stage,Mathematics,C-8.1,C-8.1 Sorts objects into groups and sub-groups based on more than one property,44
Jharkhand,Saraikela Kharsawan,Foundational Stage,Mathematics,C-8.1,C-8.1 Sorts objects into groups and sub-groups based on more than one property,61
Jharkhand,Simdega,Foundational Stage,Mathematics,C-8.1,C-8.1 Sorts objects into groups and sub-groups based on more than one property,63
Jharkhand,State,Foundational Stage,Mathematics,C-8.1,C-8.1 Sorts objects into groups and sub-groups based on more than one property,59
Jharkhand,West Singhbhum,Foundational Stage,Mathematics,C-8.1,C-8.1 Sorts objects into groups and sub-groups based on more than one property,58
Jharkhand,State,Foundational Stage,Mathematics,C-8.10,C-8.10,54
Jharkhand,State,Foundational Stage,Mathematics,C-8.11,C-8.11,43
Jharkhand,State,Foundational Stage,Mathematics,C-8.12,C-8.12,46
Jharkhand,State,Foundational Stage,Mathematics,C-8.13,C-8.13,47
Jharkhand,State,Foundational Stage,Mathematics,C-8.2,C-8.2,58
Jharkhand,State,Foundational Stage,Mathematics,C-8.4,C-8.4,47
Jharkhand,State,Foundational Stage,Mathematics,C-8.5,C-8.5,52
Jharkhand,State,Foundational Stage,Mathematics,C-8.6,C-8.6,52
Jharkhand,State,Foundational Stage,Mathematics,C-8.7,C-8.7,47
Jharkhand,State,Foundational Stage,Mathematics,C-8.8,C-8.8,39
Jharkhand,State,Foundational Stage,Mathematics,C-8.9,C-8.9,53
Jharkhand,State,Middle Stage,Language,C-1.1,"C-1.1 Identifies main points and summarises from a careful listening or reading of the text (news articles, reports, editorials)",50
Jharkhand,State,Middle Stage,Mathematics,C-1.2,"C-1.2 Discovers, identifies, and explores patterns in numbers and describes rules for their formation (e.g., multiples of 7, powers of 3, prime numbers), and explains relations between different patterns",37
Jharkhand,State,Middle Stage,Mathematics,C-1.4,C-1.4,30
Jharkhand,State,Middle Stage,Mathematics,C-1.5,C-1.5,25
Jharkhand,State,Middle Stage,Mathematics,C-1.6,C-1.6,29
Jharkhand,State,Middle Stage,Mathematics,C-2.2,C-2.2,41
Jharkhand,State,Middle Stage,Mathematics,C-2.3,C-2.3,36
Jharkhand,State,Middle Stage,Mathematics,C-2.5,C-2.5,35
Jharkhand,State,Middle Stage,Mathematics,C-3.2,C-3.2,36
Jharkhand,State,Middle Stage,Mathematics,C-3.5,C-3.5,37
Jharkhand,State,Middle Stage,Mathematics,C-4.1,C-4.1,38
Jharkhand,State,Middle Stage,Mathematics,C-5.1,C-5.1,37
Jharkhand,State,Middle Stage,Mathematics,C-6.1,C-6.1,26
Jharkhand,State,Middle Stage,Science,C-1.1,"C-1.1 Identifies main points and summarises from a careful listening or reading of the text (news articles, reports, editorials)",35
Jharkhand,State,Middle Stage,Science,C-1.2,"C-1.2 Discovers, identifies, and explores patterns in numbers and describes rules for their formation (e.g., multiples of 7, powers of 3, prime numbers), and explains relations between different patterns",37
Jharkhand,State,Middle Stage,Science,C-1.4,C-1.4,35
Jharkhand,State,Middle Stage,Science,C-2.1,C-2.1,39
Jharkhand,State,Middle Stage,Science,C-2.2,C-2.2,29
Jharkhand,State,Middle Stage,Science,C-2.3,C-2.3,37
Jharkhand,State,Middle Stage,Science,C-2.4,C-2.4,41
Jharkhand,State,Middle Stage,Science,C-3.1,C-3.1,40
Jharkhand,State,Middle Stage,Science,C-3.2,C-3.2,31
Jharkhand,State,Middle Stage,Science,C-4.1,C-4.1,52
Jharkhand,State,Middle Stage,Science,C-4.2,C-4.2,45
Jharkhand,State,Middle Stage,Science,C-4.3,C-4.3,37
Jharkhand,State,Middle Stage,Science,C-6.1,C-6.1,29
Jharkhand,State,Middle Stage,Science,C-6.2,C-6.2,36
Jharkhand,State,Middle Stage,Science,C-6.3,C-6.3,44
Jharkhand,State,Middle Stage,Science,C-6.4,C-6.4,38
Jharkhand,State,Middle Stage,Science,C-7.1,C-7.1,33
Jharkhand,State,Middle Stage,Science,C-7.2,C-7.2,33
Jharkhand,State,Middle Stage,Science,C-7.3,C-7.3,37
Jharkhand,State,Middle Stage,Science,C-8.2,C-8.2,48
Jharkhand,State,Middle Stage,Science,C-8.3,C-8.3,38
Jharkhand,State,Middle Stage,Science,C-9.1,C-9.1,49
Jharkhand,State,Preparatory Stage,Language,C-2.1,"C-2.1 Applies varied comprehension strategies (inferring, predicting, visualising) to understand different texts",52
Jharkhand,State,Preparatory Stage,Language,C-2.2,C-2.2,54
Jharkhand,State,Preparatory Stage,Mathematics,C-1.1,"C-1.1 Represents numbers using the place value structure of the Indian number system, compares whole numbers, and knows and can read the names of very large numbers",51
Jharkhand,State,Preparatory Stage,Mathematics,C-1.2,C-1.2,24
Jharkhand,State,Preparatory Stage,Mathematics,C-1.3,C-1.3,51
Jharkhand,State,Preparatory Stage,Mathematics,C-1.4,C-1.4,45
Jharkhand,State,Preparatory Stage,Mathematics,C-2.2,C-2.2,37
Jharkhand,State,Preparatory Stage,Mathematics,C-2.4,C-2.4,42
Jharkhand,State,Preparatory Stage,Mathematics,C-3.3,C-3.3,35
Jharkhand,State,Preparatory Stage,Mathematics,C-3.5,C-3.5,40
Jharkhand,State,Preparatory Stage,Mathematics,C-4.1,C-4.1,35
Jharkhand,State,Preparatory Stage,Mathematics,C-4.3,C-4.3,47
Jharkhand,State,Preparatory Stage,World Around Us,C-1.1,"C-1.1 Represents numbers using the place value structure of the Indian number system, compares whole numbers, and knows and can read the names of very large numbers",44
Jharkhand,State,Preparatory Stage,World Around Us,C-1.3,C-1.3,35
Jharkhand,State,Preparatory Stage,World Around Us,C-1.4,C-1.4,52
Jharkhand,State,Preparatory Stage,World Around Us,C-2.1,"C-2.1 Applies varied comprehension strategies (inferring, predicting, visualising) to understand different texts",47
Jharkhand,State,Preparatory Stage,World Around Us,C-2.2,C-2.2,32
Jharkhand,State,Preparatory Stage,World Around Us,C-3.1,C-3.1,52
Jharkhand,State,Preparatory Stage,World Around Us,C-3.2,C-3.2,42
Jharkhand,State,Preparatory Stage,World Around Us,C-4.1,C-4.1,50
Jharkhand,State,Preparatory Stage,World Around Us,C-4.3,C-4.3,46
Jharkhand,State,Preparatory Stage,World Around Us,C-4.7,C-4.7,47
Jharkhand,State,Preparatory Stage,World Around Us,C-5.3,C-5.3,42
Kerala,Alappuzha,Foundational Stage,Language,C-10.5,"C-10.5 Reads short stories and comprehends their meaning - by identifying characters, storyline and what the author wants to say - on their own",75
Kerala,Ernakulam,Foundational Stage,Language,C-10.5,"C-10.5 Reads short stories and comprehends their meaning - by identifying characters, storyline and what the author wants to say - on their own",83
Kerala,Idukki,Foundational Stage,Language,C-10.5,"C-10.5 Reads short stories and comprehends their meaning - by identifying characters, storyline and what the author wants to say - on their own",71
Kerala,Kannur,Foundational Stage,Language,C-10.5,"C-10.5 Reads short stories and comprehends their meaning - by identifying characters, storyline and what the author wants to say - on their own",72
Kerala,Kasaragod,Foundational Stage,Language,C-10.5,"C-10.5 Reads short stories and comprehends their meaning - by identifying characters, storyline and what the author wants to say - on their own",65
Kerala,Kollam,Foundational Stage,Language,C-10.5,"C-10.5 Reads short stories and comprehends their meaning - by identifying characters, storyline and what the author wants to say - on their own",77
Kerala,Kottayam,Foundational Stage,Language,C-10.5,"C-10.5 Reads short stories and comprehends their meaning - by identifying characters, storyline and what the author wants to say - on their own",66
Kerala,Kozhikode,Foundational Stage,Language,C-10.5,"C-10.5 Reads short stories and comprehends their meaning - by identifying characters, storyline and what the author wants to say - on their own",74
Kerala,Malappuram,Foundational Stage,Language,C-10.5,"C-10.5 Reads short stories and comprehends their meaning - by identifying characters, storyline and what the author wants to say - on their own",67
Kerala,Palakkad,Foundational Stage,Language,C-10.5,"C-10.5 Reads short stories and comprehends their meaning - by identifying characters, storyline and what the author wants to say - on their own",69
Kerala,Pathanamthitta,Foundational Stage,Language,C-10.5,"C-10.5 Reads short stories and comprehends their meaning - by identifying characters, storyline and what the author wants to say - on their own",69
Kerala,State,Foundational Stage,Language,C-10.5,"C-10.5 Reads short stories and comprehends their meaning - by identifying characters, storyline and what the author wants to say - on their own",72
Kerala,Thiruvananthapuram,Foundational Stage,Language,C-10.5,"C-10.5 Reads short stories and comprehends their meaning - by identifying characters, storyline and what the author wants to say - on their own",80
Kerala,Thrissur,Foundational Stage,Language,C-10.5,"C-10.5 Reads short stories and comprehends their meaning - by identifying characters, storyline and what the author wants to say - on their own",73
Kerala,Wayanad,Foundational Stage,Language,C-10.5,"C-10.5 Reads short stories and comprehends their meaning - by identifying characters, storyline and what the author wants to say - on their own",62
Kerala,State,Foundational Stage,Language,C-10.7,C-10.7,71
Kerala,State,Foundational Stage,Language,C-9.7,C-9.7,80
Kerala,Alappuzha,Foundational Stage,Mathematics,C-8.1,C-8.1 Sorts objects into groups and sub-groups based on more than one property,79
Kerala,Ernakulam,Foundational Stage,Mathematics,C-8.1,C-8.1 Sorts objects into groups and sub-groups based on more than one property,88
Kerala,Idukki,Foundational Stage,Mathematics,C-8.1,C-8.1 Sorts objects into groups and sub-groups based on more than one property,77
Kerala,Kannur,Foundational Stage,Mathematics,C-8.1,C-8.1 Sorts objects into groups and sub-groups based on more than one property,79
Kerala,Kasaragod,Foundational Stage,Mathematics,C-8.1,C-8.1 Sorts objects into groups and sub-groups based on more than one property,70
Kerala,Kollam,Foundational Stage,Mathematics,C-8.1,C-8.1 Sorts objects into groups and sub-groups based on more than one property,83
Kerala,Kottayam,Foundational Stage,Mathematics,C-8.1,C-8.1 Sorts objects into groups and sub-groups based on more than one property,77
Kerala,Kozhikode,Foundational Stage,Mathematics,C-8.1,C-8.1 Sorts objects into groups and sub-groups based on more than one property,81
Kerala,Malappuram,Foundational Stage,Mathematics,C-8.1,C-8.1 Sorts objects into groups and sub-groups based on more than one property,79
Kerala,Palakkad,Foundational Stage,Mathematics,C-8.1,C-8.1 Sorts objects into groups and sub-groups based on more than one property,77
Kerala,Pathanamthitta,Foundational Stage,Mathematics,C-8.1,C-8.1 Sorts objects into groups and sub-groups based on more than one property,74
Kerala,State,Foundational Stage,Mathematics,C-8.1,C-8.1 Sorts objects into groups and sub-groups based on more than one property,80
Kerala,Thiruvananthapuram,Foundational Stage,Mathematics,C-8.1,C-8.1 Sorts objects into groups and sub-groups based on more than one property,85
Kerala,Thrissur,Foundational Stage,Mathematics,C-8.1,C-8.1 Sorts objects into groups and sub-groups based on more than one property,78
Kerala,Wayanad,Foundational Stage,Mathematics,C-8.1,C-8.1 Sorts objects into groups and sub-groups based on more than one property,72
Kerala,State,Foundational Stage,Mathematics,C-8.10,C-8.10,72
Kerala,State,Foundational Stage,Mathematics,C-8.11,C-8.11,57
Kerala,State,Foundational Stage,Mathematics,C-8.12,C-8.12,67
Kerala,State,Foundational Stage,Mathematics,C-8.13,C-8.13,65
Kerala,State,Foundational Stage,Mathematics,C-8.2,C-8.2,86
Kerala,State,Foundational Stage,Mathematics,C-8.4,C-8.4,72
Kerala,State,Foundational Stage,Mathematics,C-8.5,C-8.5,76
Kerala,State,Foundational Stage,Mathematics,C-8.6,C-8.6,67
Kerala,State,Foundational Stage,Mathematics,C-8.7,C-8.7,53
Kerala,State,Foundational Stage,Mathematics,C-8.8,C-8.8,59
Kerala,State,Foundational Stage,Mathematics,C-8.9,C-8.9,75
Kerala,State,Middle Stage,Language,C-1.1,"C-1.1 Identifies main points and summarises from a careful listening or reading of the text (news articles, reports, editorials)",74
Kerala,State,Middle Stage,Mathematics,C-1.2,"C-1.2 Discovers, identifies, and explores patterns in numbers and describes rules for their formation (e.g., multiples of 7, powers of 3, prime numbers), and explains relations between different patterns",50
Kerala,State,Middle Stage,Mathematics,C-1.4,C-1.4,36
Kerala,State,Middle Stage,Mathematics,C-1.5,C-1.5,31
Kerala,State,Middle Stage,Mathematics,C-1.6,C-1.6,36
Kerala,State,Middle Stage,Mathematics,C-2.2,C-2.2,57
Kerala,State,Middle Stage,Mathematics,C-2.3,C-2.3,46
Kerala,State,Middle Stage,Mathematics,C-2.5,C-2.5,37
Kerala,State,Middle Stage,Mathematics,C-3.2,C-3.2,46
Kerala,State,Middle Stage,Mathematics,C-3.5,C-3.5,50
Kerala,State,Middle Stage,Mathematics,C-4.1,C-4.1,49
Kerala,State,Middle Stage,Mathematics,C-5.1,C-5.1,54
Kerala,State,Middle Stage,Mathematics,C-6.1,C-6.1,35
Kerala,State,Middle Stage,Science,C-1.1,"C-1.1 Identifies main points and summarises from a careful listening or reading of the text (news articles, reports, editorials)",48
Kerala,State,Middle Stage,Science,C-1.2,"C-1.2 Discovers, identifies, and explores patterns in numbers and describes rules for their formation (e.g., multiples of 7, powers of 3, prime numbers), and explains relations between different patterns",44
Kerala,State,Middle Stage,Science,C-1.4,C-1.4,47
Kerala,State,Middle Stage,Science,C-2.1,C-2.1,51
Kerala,State,Middle Stage,Science,C-2.2,C-2.2,47
Kerala,State,Middle Stage,Science,C-2.3,C-2.3,60
Kerala,State,Middle Stage,Science,C-2.4,C-2.4,63
Kerala,State,Middle Stage,Science,C-3.1,C-3.1,67
Kerala,State,Middle Stage,Science,C-3.2,C-3.2,49
Kerala,State,Middle Stage,Science,C-4.1,C-4.1,70
Kerala,State,Middle Stage,Science,C-4.2,C-4.2,66
Kerala,State,Middle Stage,Science,C-4.3,C-4.3,46
Kerala,State,Middle Stage,Science,C-6.1,C-6.1,46
Kerala,State,Middle Stage,Science,C-6.2,C-6.2,53
Kerala,State,Middle Stage,Science,C-6.3,C-6.3,60
Kerala,State,Middle Stage,Science,C-6.4,C-6.4,49
Kerala,State,Middle Stage,Science,C-7.1,C-7.1,51
Kerala,State,Middle Stage,Science,C-7.2,C-7.2,39
Kerala,State,Middle Stage,Science,C-7.3,C-7.3,47
Kerala,State,Middle Stage,Science,C-8.2,C-8.2,50
Kerala,State,Middle Stage,Science,C-8.3,C-8.3,45
Kerala,State,Middle Stage,Science,C-9.1,C-9.1,62
Kerala,State,Preparatory Stage,Language,C-2.1,"C-2.1 Applies varied comprehension strategies (inferring, predicting, visualising) to understand different texts",75
Kerala,State,Preparatory Stage,Language,C-2.2,C-2.2,78
Kerala,State,Preparatory Stage,Mathematics,C-1.1,"C-1.1 Represents numbers using the place value structure of the Indian number system, compares whole numbers, and knows and can read the names of very large numbers",71
Kerala,State,Preparatory Stage,Mathematics,C-1.2,C-1.2,39
Kerala,State,Preparatory Stage,Mathematics,C-1.3,C-1.3,64
Kerala,State,Preparatory Stage,Mathematics,C-1.4,C-1.4,69
Kerala,State,Preparatory Stage,Mathematics,C-2.2,C-2.2,56
Kerala,State,Preparatory Stage,Mathematics,C-2.4,C-2.4,66
Kerala,State,Preparatory Stage,Mathematics,C-3.3,C-3.3,43
Kerala,State,Preparatory Stage,Mathematics,C-3.5,C-3.5,57
Kerala,State,Preparatory Stage,Mathematics,C-4.1,C-4.1,50
Kerala,State,Preparatory Stage,Mathematics,C-4.3,C-4.3,59
Kerala,State,Preparatory Stage,World Around Us,C-1.1,"C-1.1 Represents numbers using the place value structure of the Indian number system, compares whole numbers, and knows and can read the names of very large numbers",61
Kerala,State,Preparatory Stage,World Around Us,C-1.3,C-1.3,57
Kerala,State,Preparatory Stage,World Around Us,C-1.4,C-1.4,72
Kerala,State,Preparatory Stage,World Around Us,C-2.1,"C-2.1 Applies varied comprehension strategies (inferring, predicting, visualising) to understand different texts",66
Kerala,State,Preparatory Stage,World Around Us,C-2.2,C-2.2,56
Kerala,State,Preparatory Stage,World Around Us,C-3.1,C-3.1,72
Kerala,State,Preparatory Stage,World Around Us,C-3.2,C-3.2,62
Kerala,State,Preparatory Stage,World Around Us,C-4.1,C-4.1,72
Kerala,State,Preparatory Stage,World Around Us,C-4.3,C-4.3,63
Kerala,State,Preparatory Stage,World Around Us,C-4.7,C-4.7,67
Kerala,State,Preparatory Stage,World Around Us,C-5.3,C-5.3,66
Rajasthan,Ajmer,Foundational Stage,Language,C-10.5,"C-10.5 Reads short stories and comprehends their meaning - by identifying characters, storyline and what the author wants to say - on their own",75
Rajasthan,Alwar,Foundational Stage,Language,C-10.5,"C-10.5 Reads short stories and comprehends their meaning - by identifying characters, storyline and what the author wants to say - on their own",67
Rajasthan,Anoopgarh,Foundational Stage,Language,C-10.5,"C-10.5 Reads short stories and comprehends their meaning - by identifying characters, storyline and what the author wants to say - on their own",64
Rajasthan,Balotra,Foundational Stage,Language,C-10.5,"C-10.5 Reads short stories and comprehends their meaning - by identifying characters, storyline and what the author wants to say - on their own",58
Rajasthan,Banswara,Foundational Stage,Language,C-10.5,"C-10.5 Reads short stories and comprehends their meaning - by identifying characters, storyline and what the author wants to say - on their own",55
Rajasthan,Baran,Foundational Stage,Language,C-10.5,"C-10.5 Reads short stories and comprehends their meaning - by identifying characters, storyline and what the author wants to say - on their own",58
Rajasthan,Barmer,Foundational Stage,Language,C-10.5,"C-10.5 Reads short stories and comprehends their meaning - by identifying characters, storyline and what the author wants to say - on their own",59
Rajasthan,Beawar,Foundational Stage,Language,C-10.5,"C-10.5 Reads short stories and comprehends their meaning - by identifying characters, storyline and what the author wants to say - on their own",64
Rajasthan,Bharatpur,Foundational Stage,Language,C-10.5,"C-10.5 Reads short stories and comprehends their meaning - by identifying characters, storyline and what the author wants to say - on their own",78
Rajasthan,Bhilwara,Foundational Stage,Language,C-10.5,"C-10.5 Reads short stories and comprehends their meaning - by identifying characters, storyline and what the author wants to say - on their own",69
Rajasthan,Bikaner,Foundational Stage,Language,C-10.5,"C-10.5 Reads short stories and comprehends their meaning - by identifying characters, storyline and what the author wants to say - on their own",63
Rajasthan,Bundi,Foundational Stage,Language,C-10.5,"C-10.5 Reads short stories and comprehends their meaning - by identifying characters, storyline and what the author wants to say - on their own",62
Rajasthan,Chittorgarh,Foundational Stage,Language,C-10.5,"C-10.5 Reads short stories and comprehends their meaning - by identifying characters, storyline and what the author wants to say - on their own",69
Rajasthan,Churu,Foundational Stage,Language,C-10.5,"C-10.5 Reads short stories and comprehends their meaning - by identifying characters, storyline and what the author wants to say - on their own",71
Rajasthan,Dausa,Foundational Stage,Language,C-10.5,"C-10.5 Reads short stories and comprehends their meaning - by identifying characters, storyline and what the author wants to say - on their own",66
Rajasthan,Deeg,Foundational Stage,Language,C-10.5,"C-10.5 Reads short stories and comprehends their meaning - by identifying characters, storyline and what the author wants to say - on their own",77
Rajasthan,Dholpur,Foundational Stage,Language,C-10.5,"C-10.5 Reads short stories and comprehends their meaning - by identifying characters, storyline and what the author wants to say - on their own",80
Rajasthan,Didwana Kuchaman,Foundational Stage,Language,C-10.5,"C-10.5 Reads short stories and comprehends their meaning - by identifying characters, storyline and what the author wants to say - on their own",80
Rajasthan,Dudu,Foundational Stage,Language,C-10.5,"C-10.5 Reads short stories and comprehends their meaning - by identifying characters, storyline and what the author wants to say - on their own",77
Rajasthan,Dungarpur,Foundational Stage,Language,C-10.5,"C-10.5 Reads short stories and comprehends their meaning - by identifying characters, storyline and what the author wants to say - on their own",72
Rajasthan,Ganganagar,Foundational Stage,Language,C-10.5,"C-10.5 Reads short stories and comprehends their meaning - by identifying characters, storyline and what the author wants to say - on their own",67
Rajasthan,Gangapurcity,Foundational Stage,Language,C-10.5,"C-10.5 Reads short stories and comprehends their meaning - by identifying characters, storyline and what the author wants to say - on their own",62
Rajasthan,Hanumangarh,Foundational Stage,Language,C-10.5,"C-10.5 Reads short stories and comprehends their meaning - by identifying characters, storyline and what the author wants to say - on their own",65
Rajasthan,Jaipur,Foundational Stage,Language,C-10.5,"C-10.5 Reads short stories and comprehends their meaning - by identifying characters, storyline and what the author wants to say - on their own",60
Rajasthan,Jaipur Gramin,Foundational Stage,Language,C-10.5,"C-10.5 Reads short stories and comprehends their meaning - by identifying characters, storyline and what the author wants to say - on their own",62
Rajasthan,Jaisalmer,Foundational Stage,Language,C-10.5,"C-10.5 Reads short stories and comprehends their meaning - by identifying characters, storyline and what the author wants to say - on their own",70
Rajasthan,Jalore,Foundational Stage,Language,C-10.5,"C-10.5 Reads short stories and comprehends their meaning - by identifying characters, storyline and what the author wants to say - on their own",58
Rajasthan,Jhalawar,Foundational Stage,Language,C-10.5,"C-10.5 Reads short stories and comprehends their meaning - by identifying characters, storyline and what the author wants to say - on their own",73
Rajasthan,Jhunjhunu,Foundational Stage,Language,C-10.5,"C-10.5 Reads short stories and comprehends their meaning - by identifying characters, storyline and what the author wants to say - on their own",72
Rajasthan,Jodhpur,Foundational Stage,Language,C-10.5,"C-10.5 Reads short stories and comprehends their meaning - by identifying characters, storyline and what the author wants to say - on their own",52
Rajasthan,Jodhpur Gramin,Foundational Stage,Language,C-10.5,"C-10.5 Reads short stories and comprehends their meaning - by identifying characters, storyline and what the author wants to say - on their own",60
Rajasthan,Karauli,Foundational Stage,Language,C-10.5,"C-10.5 Reads short stories and comprehends their meaning - by identifying characters, storyline and what the author wants to say - on their own",65
Rajasthan,Kekri,Foundational Stage,Language,C-10.5,"C-10.5 Reads short stories and comprehends their meaning - by identifying characters, storyline and what the author wants to say - on their own",67
Rajasthan,Khairthal-Tijara,Foundational Stage,Language,C-10.5,"C-10.5 Reads short stories and comprehends their meaning - by identifying characters, storyline and what the author wants to say - on their own",68
Rajasthan,Kota,Foundational Stage,Language,C-10.5,"C-10.5 Reads short stories and comprehends their meaning - by identifying characters, storyline and what the author wants to say - on their own",67
Rajasthan,Kotputli-Behror,Foundational Stage,Language,C-10.5,"C-10.5 Reads short stories and comprehends their meaning - by identifying characters, storyline and what the author wants to say - on their own",71
Rajasthan,Nagaur,Foundational Stage,Language,C-10.5,"C-10.5 Reads short stories and comprehends their meaning - by identifying characters, storyline and what the author wants to say - on their own",72
Rajasthan,Neem Ka Thana,Foundational Stage,Language,C-10.5,"C-10.5 Reads short stories and comprehends their meaning - by identifying characters, storyline and what the author wants to say - on their own",62
Rajasthan,Pali,Foundational Stage,Language,C-10.5,"C-10.5 Reads short stories and comprehends their meaning - by identifying characters, storyline and what the author wants to say - on their own",64
Rajasthan,Phalodi,Foundational Stage,Language,C-10.5,"C-10.5 Reads short stories and comprehends their meaning - by identifying characters, storyline and what the author wants to say - on their own",58
Rajasthan,Pratapgarh,Foundational Stage,Language,C-10.5,"C-10.5 Reads short stories and comprehends their meaning - by identifying characters, storyline and what the author wants to say - on their own",70
Rajasthan,Rajsamand,Foundational Stage,Language,C-10.5,"C-10.5 Reads short stories and comprehends their meaning - by identifying characters, storyline and what the author wants to say - on their own",70
Rajasthan,Salumbar,Foundational Stage,Language,C-10.5,"C-10.5 Reads short stories and comprehends their meaning - by identifying characters, storyline and what the author wants to say - on their own",60
Rajasthan,Sanchor,Foundational Stage,Language,C-10.5,"C-10.5 Reads short stories and comprehends their meaning - by identifying characters, storyline and what the author wants to say - on their own",60
Rajasthan,Sawai Madhopur,Foundational Stage,Language,C-10.5,"C-10.5 Reads short stories and comprehends their meaning - by identifying characters, storyline and what the author wants to say - on their own",66
Rajasthan,Shahpura,Foundational Stage,Language,C-10.5,"C-10.5 Reads short stories and comprehends their meaning - by identifying characters, storyline and what the author wants to say - on their own",65
Rajasthan,Sikar,Foundational Stage,Language,C-10.5,"C-10.5 Reads short stories and comprehends their meaning - by identifying characters, storyline and what the author wants to say - on their own",65
Rajasthan,Sirohi,Foundational Stage,Language,C-10.5,"C-10.5 Reads short stories and comprehends their meaning - by identifying characters, storyline and what the author wants to say - on their own",66
Rajasthan,State,Foundational Stage,Language,C-10.5,"C-10.5 Reads short stories and comprehends their meaning - by identifying characters, storyline and what the author wants to say - on their own",66
Rajasthan,Tonk,Foundational Stage,Language,C-10.5,"C-10.5 Reads short stories and comprehends their meaning - by identifying characters, storyline and what the author wants to say - on their own",75
Rajasthan,Udaipur,Foundational Stage,Language,C-10.5,"C-10.5 Reads short stories and comprehends their meaning - by identifying characters, storyline and what the author wants to say - on their own",67
Rajasthan,State,Foundational Stage,Language,C-10.7,C-10.7,68
Rajasthan,State,Foundational Stage,Language,C-9.7,C-9.7,72
Rajasthan,Ajmer,Foundational Stage,Mathematics,C-8.1,C-8.1 Sorts objects into groups and sub-groups based on more than one property,84
Rajasthan,Alwar,Foundational Stage,Mathematics,C-8.1,C-8.1 Sorts objects into groups and sub-groups based on more than one property,74
Rajasthan,Anoopgarh,Foundational Stage,Mathematics,C-8.1,C-8.1 Sorts objects into groups and sub-groups based on more than one property,66
Rajasthan,Balotra,Foundational Stage,Mathematics,C-8.1,C-8.1 Sorts objects into groups and sub-groups based on more than one property,65
Rajasthan,Banswara,Foundational Stage,Mathematics,C-8.1,C-8.1 Sorts objects into groups and sub-groups based on more than one property,59
Rajasthan,Baran,Foundational Stage,Mathematics,C-8.1,C-8.1 Sorts objects into groups and sub-groups based on more than one property,67
Rajasthan,Barmer,Foundational Stage,Mathematics,C-8.1,C-8.1 Sorts objects into groups and sub-groups based on more than one property,69
Rajasthan,Beawar,Foundational Stage,Mathematics,C-8.1,C-8.1 Sorts objects into groups and sub-groups based on more than one property,75
Rajasthan,Bharatpur,Foundational Stage,Mathematics,C-8.1,C-8.1 Sorts objects into groups and sub-groups based on more than one property,83
Rajasthan,Bhilwara,Foundational Stage,Mathematics,C-8.1,C-8.1 Sorts objects into groups and sub-groups based on more than one property,76
Rajasthan,Bikaner,Foundational Stage,Mathematics,C-8.1,C-8.1 Sorts objects into groups and sub-groups based on more than one property,66
Rajasthan,Bundi,Foundational Stage,Mathematics,C-8.1,C-8.1 Sorts objects into groups and sub-groups based on more than one property,73
Rajasthan,Chittorgarh,Foundational Stage,Mathematics,C-8.1,C-8.1 Sorts objects into groups and sub-groups based on more than one property,74
Rajasthan,Churu,Foundational Stage,Mathematics,C-8.1,C-8.1 Sorts objects into groups and sub-groups based on more than one property,74
Rajasthan,Dausa,Foundational Stage,Mathematics,C-8.1,C-8.1 Sorts objects into groups and sub-groups based on more than one property,72
Rajasthan,Deeg,Foundational Stage,Mathematics,C-8.1,C-8.1 Sorts objects into groups and sub-groups based on more than one property,80
Rajasthan,Dholpur,Foundational Stage,Mathematics,C-8.1,C-8.1 Sorts objects into groups and sub-groups based on more than one property,83
Rajasthan,Didwana Kuchaman,Foundational Stage,Mathematics,C-8.1,C-8.1 Sorts objects into groups and sub-groups based on more than one property,78
Rajasthan,Dudu,Foundational Stage,Mathematics,C-8.1,C-8.1 Sorts objects into groups and sub-groups based on more than one property,79
Rajasthan,Dungarpur,Foundational Stage,Mathematics,C-8.1,C-8.1 Sorts objects into groups and sub-groups based on more than one property,76
Rajasthan,Ganganagar,Foundational Stage,Mathematics,C-8.1,C-8.1 Sorts objects into groups and sub-groups based on more than one property,75
Rajasthan,Gangapurcity,Foundational Stage,Mathematics,C-8.1,C-8.1 Sorts objects into groups and sub-groups based on more than one property,67
Rajasthan,Hanumangarh,Foundational Stage,Mathematics,C-8.1,C-8.1 Sorts objects into groups and sub-groups based on more than one property,71
Rajasthan,Jaipur,Foundational Stage,Mathematics,C-8.1,C-8.1 Sorts objects into groups and sub-groups based on more than one property,74
Rajasthan,Jaipur Gramin,Foundational Stage,Mathematics,C-8.1,C-8.1 Sorts objects into groups and sub-groups based on more than one property,71
Rajasthan,Jaisalmer,Foundational Stage,Mathematics,C-8.1,C-8.1 Sorts objects into groups and sub-groups based on more than one property,75
Rajasthan,Jalore,Foundational Stage,Mathematics,C-8.1,C-8.1 Sorts objects into groups and sub-groups based on more than one property,61
Rajasthan,Jhalawar,Foundational Stage,Mathematics,C-8.1,C-8.1 Sorts objects into groups and sub-groups based on more than one property,77
Rajasthan,Jhunjhunu,Foundational Stage,Mathematics,C-8.1,C-8.1 Sorts objects into groups and sub-groups based on more than one property,75
Rajasthan,Jodhpur,Foundational Stage,Mathematics,C-8.1,C-8.1 Sorts objects into groups and sub-groups based on more than one property,64
Rajasthan,Jodhpur Gramin,Foundational Stage,Mathematics,C-8.1,C-8.1 Sorts objects into groups and sub-groups based on more than one property,67
Rajasthan,Karauli,Foundational Stage,Mathematics,C-8.1,C-8.1 Sorts objects into groups and sub-groups based on more than one property,72
Rajasthan,Kekri,Foundational Stage,Mathematics,C-8.1,C-8.1 Sorts objects into groups and sub-groups based on more than one property,70
Rajasthan,Khairthal-Tijara,Foundational Stage,Mathematics,C-8.1,C-8.1 Sorts objects into groups and sub-groups based on more than one property,71
Rajasthan,Kota,Foundational Stage,Mathematics,C-8.1,C-8.1 Sorts objects into groups and sub-groups based on more than one property,73
Rajasthan,Kotputli-Behror,Foundational Stage,Mathematics,C-8.1,C-8.1 Sorts objects into groups and sub-groups based on more than one property,78
Rajasthan,Nagaur,Foundational Stage,Mathematics,C-8.1,C-8.1 Sorts objects into groups and sub-groups based on more than one property,79
Rajasthan,Neem Ka Thana,Foundational Stage,Mathematics,C-8.1,C-8.1 Sorts objects into groups and sub-groups based on more than one property,69
Rajasthan,Pali,Foundational Stage,Mathematics,C-8.1,C-8.1 Sorts objects into groups and sub-groups based on more than one property,73
Rajasthan,Phalodi,Foundational Stage,Mathematics,C-8.1,C-8.1 Sorts objects into groups and sub-groups based on more than one property,61
Rajasthan,Pratapgarh,Foundational Stage,Mathematics,C-8.1,C-8.1 Sorts objects into groups and sub-groups based on more than one property,75
Rajasthan,Rajsamand,Foundational Stage,Mathematics,C-8.1,C-8.1 Sorts objects into groups and sub-groups based on more than one property,75
Rajasthan,Salumbar,Foundational Stage,Mathematics,C-8.1,C-8.1 Sorts objects into groups and sub-groups based on more than one property,63
Rajasthan,Sanchor,Foundational Stage,Mathematics,C-8.1,C-8.1 Sorts objects into groups and sub-groups based on more than one property,63
Rajasthan,Sawai Madhopur,Foundational Stage,Mathematics,C-8.1,C-8.1 Sorts objects into groups and sub-groups based on more than one property,69
Rajasthan,Shahpura,Foundational Stage,Mathematics,C-8.1,C-8.1 Sorts objects into groups and sub-groups based on more than one property,70
Rajasthan,Sikar,Foundational Stage,Mathematics,C-8.1,C-8.1 Sorts objects into groups and sub-groups based on more than one property,71
Rajasthan,Sirohi,Foundational Stage,Mathematics,C-8.1,C-8.1 Sorts objects into groups and sub-groups based on more than one property,71
Rajasthan,State,Foundational Stage,Mathematics,C-8.1,C-8.1 Sorts objects into groups and sub-groups based on more than one property,72
Rajasthan,Tonk,Foundational Stage,Mathematics,C-8.1,C-8.1 Sorts objects into groups and sub-groups based on more than one property,77
Rajasthan,Udaipur,Foundational Stage,Mathematics,C-8.1,C-8.1 Sorts objects into groups and sub-groups based on more than one property,74
Rajasthan,State,Foundational Stage,Mathematics,C-8.10,C-8.10,69
Rajasthan,State,Foundational Stage,Mathematics,C-8.11,C-8.11,57
Rajasthan,State,Foundational Stage,Mathematics,C-8.12,C-8.12,61
Rajasthan,State,Foundational Stage,Mathematics,C-8.13,C-8.13,62
Rajasthan,State,Foundational Stage,Mathematics,C-8.2,C-8.2,74
Rajasthan,State,Foundational Stage,Mathematics,C-8.4,C-8.4,63
Rajasthan,State,Foundational Stage,Mathematics,C-8.5,C-8.5,64
Rajasthan,State,Foundational Stage,Mathematics,C-8.6,C-8.6,66
Rajasthan,State,Foundational Stage,Mathematics,C-8.7,C-8.7,65
Rajasthan,State,Foundational Stage,Mathematics,C-8.8,C-8.8,58
Rajasthan,State,Foundational Stage,Mathematics,C-8.9,C-8.9,68
Rajasthan,State,Middle Stage,Language,C-1.1,"C-1.1 Identifies main points and summarises from a careful listening or reading of the text (news articles, reports, editorials)",56
Rajasthan,State,Middle Stage,Mathematics,C-1.2,"C-1.2 Discovers, identifies, and explores patterns in numbers and describes rules for their formation (e.g., multiples of 7, powers of 3, prime numbers), and explains relations between different patterns",47
Rajasthan,State,Middle Stage,Mathematics,C-1.4,C-1.4,38
Rajasthan,State,Middle Stage,Mathematics,C-1.5,C-1.5,37
Rajasthan,State,Middle Stage,Mathematics,C-1.6,C-1.6,38
Rajasthan,State,Middle Stage,Mathematics,C-2.2,C-2.2,51
Rajasthan,State,Middle Stage,Mathematics,C-2.3,C-2.3,45
Rajasthan,State,Middle Stage,Mathematics,C-2.5,C-2.5,45
Rajasthan,State,Middle Stage,Mathematics,C-3.2,C-3.2,45
Rajasthan,State,Middle Stage,Mathematics,C-3.5,C-3.5,47
Rajasthan,State,Middle Stage,Mathematics,C-4.1,C-4.1,45
Rajasthan,State,Middle Stage,Mathematics,C-5.1,C-5.1,49
Rajasthan,State,Middle Stage,Mathematics,C-6.1,C-6.1,34
Rajasthan,State,Middle Stage,Science,C-1.1,"C-1.1 Identifies main points and summarises from a careful listening or reading of the text (news articles, reports, editorials)",44
Rajasthan,State,Middle Stage,Science,C-1.2,"C-1.2 Discovers, identifies, and explores patterns in numbers and describes rules for their formation (e.g., multiples of 7, powers of 3, prime numbers), and explains relations between different patterns",44
Rajasthan,State,Middle Stage,Science,C-1.4,C-1.4,44
Rajasthan,State,Middle Stage,Science,C-2.1,C-2.1,48
Rajasthan,State,Middle Stage,Science,C-2.2,C-2.2,37
Rajasthan,State,Middle Stage,Science,C-2.3,C-2.3,47
Rajasthan,State,Middle Stage,Science,C-2.4,C-2.4,47
Rajasthan,State,Middle Stage,Science,C-3.1,C-3.1,51
Rajasthan,State,Middle Stage,Science,C-3.2,C-3.2,39
Rajasthan,State,Middle Stage,Science,C-4.1,C-4.1,60
Rajasthan,State,Middle Stage,Science,C-4.2,C-4.2,49
Rajasthan,State,Middle Stage,Science,C-4.3,C-4.3,44
Rajasthan,State,Middle Stage,Science,C-6.1,C-6.1,36
Rajasthan,State,Middle Stage,Science,C-6.2,C-6.2,43
Rajasthan,State,Middle Stage,Science,C-6.3,C-6.3,53
Rajasthan,State,Middle Stage,Science,C-6.4,C-6.4,43
Rajasthan,State,Middle Stage,Science,C-7.1,C-7.1,38
Rajasthan,State,Middle Stage,Science,C-7.2,C-7.2,41
Rajasthan,State,Middle Stage,Science,C-7.3,C-7.3,43
Rajasthan,State,Middle Stage,Science,C-8.2,C-8.2,52
Rajasthan,State,Middle Stage,Science,C-8.3,C-8.3,47
Rajasthan,State,Middle Stage,Science,C-9.1,C-9.1,56
Rajasthan,State,Preparatory Stage,Language,C-2.1,"C-2.1 Applies varied comprehension strategies (inferring, predicting, visualising) to understand different texts",59
Rajasthan,State,Preparatory Stage,Language,C-2.2,C-2.2,62
Rajasthan,State,Preparatory Stage,Mathematics,C-1.1,"C-1.1 Represents numbers using the place value structure of the Indian number system, compares whole numbers, and knows and can read the names of very large numbers",60
Rajasthan,State,Preparatory Stage,Mathematics,C-1.2,C-1.2,40
Rajasthan,State,Preparatory Stage,Mathematics,C-1.3,C-1.3,60
Rajasthan,State,Preparatory Stage,Mathematics,C-1.4,C-1.4,58
Rajasthan,State,Preparatory Stage,Mathematics,C-2.2,C-2.2,48
Rajasthan,State,Preparatory Stage,Mathematics,C-2.4,C-2.4,54
Rajasthan,State,Preparatory Stage,Mathematics,C-3.3,C-3.3,46
Rajasthan,State,Preparatory Stage,Mathematics,C-3.5,C-3.5,50
Rajasthan,State,Preparatory Stage,Mathematics,C-4.1,C-4.1,47
Rajasthan,State,Preparatory Stage,Mathematics,C-4.3,C-4.3,55
Rajasthan,State,Preparatory Stage,World Around Us,C-1.1,"C-1.1 Represents numbers using the place value structure of the Indian number system, compares whole numbers, and knows and can read the names of very large numbers",46
Rajasthan,State,Preparatory Stage,World Around Us,C-1.3,C-1.3,44
Rajasthan,State,Preparatory Stage,World Around Us,C-1.4,C-1.4,59
Rajasthan,State,Preparatory Stage,World Around Us,C-2.1,"C-2.1 Applies varied comprehension strategies (inferring, predicting, visualising) to understand different texts",55
Rajasthan,State,Preparatory Stage,World Around Us,C-2.2,C-2.2,43
Rajasthan,State,Preparatory Stage,World Around Us,C-3.1,C-3.1,61
Rajasthan,State,Preparatory Stage,World Around Us,C-3.2,C-3.2,50
Rajasthan,State,Preparatory Stage,World Around Us,C-4.1,C-4.1,58
Rajasthan,State,Preparatory Stage,World Around Us,C-4.3,C-4.3,58
Rajasthan,State,Preparatory Stage,World Around Us,C-4.7,C-4.7,57
Rajasthan,State,Preparatory Stage,World Around Us,C-5.3,C-5.3,52
